Sector Desc,Group Desc,Commodity Desc,Unit Desc,Domain Desc,Domaincat Desc,Short Desc,Long Desc,Agg Level Desc,State Name,Year,Published Estimate,State Ansi
ECONOMICS,INCOME,COMMODITY TOTALS,$,ORGANIC STATUS,ORGANIC STATUS: (NOP USDA CERTIFIED),"COMMODITY TOTALS, ORGANIC - SALES, MEASURED IN $","COMMODITY TOTALS, ORGANIC - SALES, MEASURED IN $ - ON OPERATIONS WITH ORGANIC STATUS: (NOP USDA CERTIFIED)",STATE,ALABAMA,2011,(D),1
ECONOMICS,INCOME,COMMODITY TOTALS,$,ORGANIC STATUS,ORGANIC STATUS: (NOP USDA CERTIFIED),"COMMODITY TOTALS, ORGANIC - SALES, MEASURED IN $","COMMODITY TOTALS, ORGANIC - SALES, MEASURED IN $ - ON OPERATIONS WITH ORGANIC STATUS: (NOP USDA CERTIFIED)",STATE,ALABAMA,2014,"1,333,000",1
ECONOMICS,INCOME,COMMODITY TOTALS,$,ORGANIC STATUS,ORGANIC STATUS: (NOP USDA CERTIFIED),"COMMODITY TOTALS, ORGANIC - SALES, MEASURED IN $","COMMODITY TOTALS, ORGANIC - SALES, MEASURED IN $ - ON OPERATIONS WITH ORGANIC STATUS: (NOP USDA CERTIFIED)",STATE,ALABAMA,2015,"1,614,000",1
ECONOMICS,INCOME,COMMODITY TOTALS,$,ORGANIC STATUS,ORGANIC STATUS: (NOP USDA CERTIFIED),"COMMODITY TOTALS, ORGANIC - SALES, MEASURED IN $","COMMODITY TOTALS, ORGANIC - SALES, MEASURED IN $ - ON OPERATIONS WITH ORGANIC STATUS: (NOP USDA CERTIFIED)",STATE,ALABAMA,2016,"1,915,000",1
ECONOMICS,INCOME,COMMODITY TOTALS,$,ORGANIC STATUS,ORGANIC STATUS: (NOP USDA CERTIFIED),"COMMODITY TOTALS, ORGANIC - SALES, MEASURED IN $","COMMODITY TOTALS, ORGANIC - SALES, MEASURED IN $ - ON OPERATIONS WITH ORGANIC STATUS: (NOP USDA CERTIFIED)",STATE,ALABAMA,2019,(D),1
ECONOMICS,INCOME,COMMODITY TOTALS,$,ORGANIC STATUS,ORGANIC STATUS: (NOP USDA CERTIFIED),"COMMODITY TOTALS, ORGANIC - SALES, MEASURED IN $","COMMODITY TOTALS, ORGANIC - SALES, MEASURED IN $ - ON OPERATIONS WITH ORGANIC STATUS: (NOP USDA CERTIFIED)",STATE,ALASKA,2011,"596,678",2
ECONOMICS,INCOME,COMMODITY TOTALS,$,ORGANIC STATUS,ORGANIC STATUS: (NOP USDA CERTIFIED),"COMMODITY TOTALS, ORGANIC - SALES, MEASURED IN $","COMMODITY TOTALS, ORGANIC - SALES, MEASURED IN $ - ON OPERATIONS WITH ORGANIC STATUS: (NOP USDA CERTIFIED)",STATE,ALASKA,2014,(D),2
ECONOMICS,INCOME,COMMODITY TOTALS,$,ORGANIC STATUS,ORGANIC STATUS: (NOP USDA CERTIFIED),"COMMODITY TOTALS, ORGANIC - SALES, MEASURED IN $","COMMODITY TOTALS, ORGANIC - SALES, MEASURED IN $ - ON OPERATIONS WITH ORGANIC STATUS: (NOP USDA CERTIFIED)",STATE,ALASKA,2015,(D),2
ECONOMICS,INCOME,COMMODITY TOTALS,$,ORGANIC STATUS,ORGANIC STATUS: (NOP USDA CERTIFIED),"COMMODITY TOTALS, ORGANIC - SALES, MEASURED IN $","COMMODITY TOTALS, ORGANIC - SALES, MEASURED IN $ - ON OPERATIONS WITH ORGANIC STATUS: (NOP USDA CERTIFIED)",STATE,ALASKA,2016,(D),2
ECONOMICS,INCOME,COMMODITY TOTALS,$,ORGANIC STATUS,ORGANIC STATUS: (NOP USDA CERTIFIED),"COMMODITY TOTALS, ORGANIC - SALES, MEASURED IN $","COMMODITY TOTALS, ORGANIC - SALES, MEASURED IN $ - ON OPERATIONS WITH ORGANIC STATUS: (NOP USDA CERTIFIED)",STATE,ALASKA,2019,(D),2
ECONOMICS,INCOME,COMMODITY TOTALS,$,ORGANIC STATUS,ORGANIC STATUS: (NOP USDA CERTIFIED),"COMMODITY TOTALS, ORGANIC - SALES, MEASURED IN $","COMMODITY TOTALS, ORGANIC - SALES, MEASURED IN $ - ON OPERATIONS WITH ORGANIC STATUS: (NOP USDA CERTIFIED)",STATE,ARIZONA,2011,"77,092,850",4
ECONOMICS,INCOME,COMMODITY TOTALS,$,ORGANIC STATUS,ORGANIC STATUS: (NOP USDA CERTIFIED),"COMMODITY TOTALS, ORGANIC - SALES, MEASURED IN $","COMMODITY TOTALS, ORGANIC - SALES, MEASURED IN $ - ON OPERATIONS WITH ORGANIC STATUS: (NOP USDA CERTIFIED)",STATE,ARIZONA,2014,"93,465,000",4
ECONOMICS,INCOME,COMMODITY TOTALS,$,ORGANIC STATUS,ORGANIC STATUS: (NOP USDA CERTIFIED),"COMMODITY TOTALS, ORGANIC - SALES, MEASURED IN $","COMMODITY TOTALS, ORGANIC - SALES, MEASURED IN $ - ON OPERATIONS WITH ORGANIC STATUS: (NOP USDA CERTIFIED)",STATE,ARIZONA,2015,"128,771,000",4
ECONOMICS,INCOME,COMMODITY TOTALS,$,ORGANIC STATUS,ORGANIC STATUS: (NOP USDA CERTIFIED),"COMMODITY TOTALS, ORGANIC - SALES, MEASURED IN $","COMMODITY TOTALS, ORGANIC - SALES, MEASURED IN $ - ON OPERATIONS WITH ORGANIC STATUS: (NOP USDA CERTIFIED)",STATE,ARIZONA,2016,"117,790,000",4
ECONOMICS,INCOME,COMMODITY TOTALS,$,ORGANIC STATUS,ORGANIC STATUS: (NOP USDA CERTIFIED),"COMMODITY TOTALS, ORGANIC - SALES, MEASURED IN $","COMMODITY TOTALS, ORGANIC - SALES, MEASURED IN $ - ON OPERATIONS WITH ORGANIC STATUS: (NOP USDA CERTIFIED)",STATE,ARIZONA,2019,"202,506,000",4
ECONOMICS,INCOME,COMMODITY TOTALS,$,ORGANIC STATUS,ORGANIC STATUS: (NOP USDA CERTIFIED),"COMMODITY TOTALS, ORGANIC - SALES, MEASURED IN $","COMMODITY TOTALS, ORGANIC - SALES, MEASURED IN $ - ON OPERATIONS WITH ORGANIC STATUS: (NOP USDA CERTIFIED)",STATE,ARKANSAS,2011,(D),5
ECONOMICS,INCOME,COMMODITY TOTALS,$,ORGANIC STATUS,ORGANIC STATUS: (NOP USDA CERTIFIED),"COMMODITY TOTALS, ORGANIC - SALES, MEASURED IN $","COMMODITY TOTALS, ORGANIC - SALES, MEASURED IN $ - ON OPERATIONS WITH ORGANIC STATUS: (NOP USDA CERTIFIED)",STATE,ARKANSAS,2014,(D),5
ECONOMICS,INCOME,COMMODITY TOTALS,$,ORGANIC STATUS,ORGANIC STATUS: (NOP USDA CERTIFIED),"COMMODITY TOTALS, ORGANIC - SALES, MEASURED IN $","COMMODITY TOTALS, ORGANIC - SALES, MEASURED IN $ - ON OPERATIONS WITH ORGANIC STATUS: (NOP USDA CERTIFIED)",STATE,ARKANSAS,2015,"16,273,000",5
ECONOMICS,INCOME,COMMODITY TOTALS,$,ORGANIC STATUS,ORGANIC STATUS: (NOP USDA CERTIFIED),"COMMODITY TOTALS, ORGANIC - SALES, MEASURED IN $","COMMODITY TOTALS, ORGANIC - SALES, MEASURED IN $ - ON OPERATIONS WITH ORGANIC STATUS: (NOP USDA CERTIFIED)",STATE,ARKANSAS,2016,"39,768,000",5
ECONOMICS,INCOME,COMMODITY TOTALS,$,ORGANIC STATUS,ORGANIC STATUS: (NOP USDA CERTIFIED),"COMMODITY TOTALS, ORGANIC - SALES, MEASURED IN $","COMMODITY TOTALS, ORGANIC - SALES, MEASURED IN $ - ON OPERATIONS WITH ORGANIC STATUS: (NOP USDA CERTIFIED)",STATE,ARKANSAS,2019,"55,331,000",5
ECONOMICS,INCOME,COMMODITY TOTALS,$,ORGANIC STATUS,ORGANIC STATUS: (NOP USDA CERTIFIED),"COMMODITY TOTALS, ORGANIC - SALES, MEASURED IN $","COMMODITY TOTALS, ORGANIC - SALES, MEASURED IN $ - ON OPERATIONS WITH ORGANIC STATUS: (NOP USDA CERTIFIED)",STATE,CALIFORNIA,2011,"1,388,847,002",6
ECONOMICS,INCOME,COMMODITY TOTALS,$,ORGANIC STATUS,ORGANIC STATUS: (NOP USDA CERTIFIED),"COMMODITY TOTALS, ORGANIC - SALES, MEASURED IN $","COMMODITY TOTALS, ORGANIC - SALES, MEASURED IN $ - ON OPERATIONS WITH ORGANIC STATUS: (NOP USDA CERTIFIED)",STATE,CALIFORNIA,2014,"2,230,633,000",6
ECONOMICS,INCOME,COMMODITY TOTALS,$,ORGANIC STATUS,ORGANIC STATUS: (NOP USDA CERTIFIED),"COMMODITY TOTALS, ORGANIC - SALES, MEASURED IN $","COMMODITY TOTALS, ORGANIC - SALES, MEASURED IN $ - ON OPERATIONS WITH ORGANIC STATUS: (NOP USDA CERTIFIED)",STATE,CALIFORNIA,2015,"2,435,594,000",6
ECONOMICS,INCOME,COMMODITY TOTALS,$,ORGANIC STATUS,ORGANIC STATUS: (NOP USDA CERTIFIED),"COMMODITY TOTALS, ORGANIC - SALES, MEASURED IN $","COMMODITY TOTALS, ORGANIC - SALES, MEASURED IN $ - ON OPERATIONS WITH ORGANIC STATUS: (NOP USDA CERTIFIED)",STATE,CALIFORNIA,2016,"2,889,156,000",6
ECONOMICS,INCOME,COMMODITY TOTALS,$,ORGANIC STATUS,ORGANIC STATUS: (NOP USDA CERTIFIED),"COMMODITY TOTALS, ORGANIC - SALES, MEASURED IN $","COMMODITY TOTALS, ORGANIC - SALES, MEASURED IN $ - ON OPERATIONS WITH ORGANIC STATUS: (NOP USDA CERTIFIED)",STATE,CALIFORNIA,2019,"3,596,923,000",6
ECONOMICS,INCOME,COMMODITY TOTALS,$,ORGANIC STATUS,ORGANIC STATUS: (NOP USDA CERTIFIED),"COMMODITY TOTALS, ORGANIC - SALES, MEASURED IN $","COMMODITY TOTALS, ORGANIC - SALES, MEASURED IN $ - ON OPERATIONS WITH ORGANIC STATUS: (NOP USDA CERTIFIED)",STATE,COLORADO,2011,"70,212,775",8
ECONOMICS,INCOME,COMMODITY TOTALS,$,ORGANIC STATUS,ORGANIC STATUS: (NOP USDA CERTIFIED),"COMMODITY TOTALS, ORGANIC - SALES, MEASURED IN $","COMMODITY TOTALS, ORGANIC - SALES, MEASURED IN $ - ON OPERATIONS WITH ORGANIC STATUS: (NOP USDA CERTIFIED)",STATE,COLORADO,2014,"146,733,000",8
ECONOMICS,INCOME,COMMODITY TOTALS,$,ORGANIC STATUS,ORGANIC STATUS: (NOP USDA CERTIFIED),"COMMODITY TOTALS, ORGANIC - SALES, MEASURED IN $","COMMODITY TOTALS, ORGANIC - SALES, MEASURED IN $ - ON OPERATIONS WITH ORGANIC STATUS: (NOP USDA CERTIFIED)",STATE,COLORADO,2015,"155,206,000",8
ECONOMICS,INCOME,COMMODITY TOTALS,$,ORGANIC STATUS,ORGANIC STATUS: (NOP USDA CERTIFIED),"COMMODITY TOTALS, ORGANIC - SALES, MEASURED IN $","COMMODITY TOTALS, ORGANIC - SALES, MEASURED IN $ - ON OPERATIONS WITH ORGANIC STATUS: (NOP USDA CERTIFIED)",STATE,COLORADO,2016,"181,297,000",8
ECONOMICS,INCOME,COMMODITY TOTALS,$,ORGANIC STATUS,ORGANIC STATUS: (NOP USDA CERTIFIED),"COMMODITY TOTALS, ORGANIC - SALES, MEASURED IN $","COMMODITY TOTALS, ORGANIC - SALES, MEASURED IN $ - ON OPERATIONS WITH ORGANIC STATUS: (NOP USDA CERTIFIED)",STATE,COLORADO,2019,"184,119,000",8
ECONOMICS,INCOME,COMMODITY TOTALS,$,ORGANIC STATUS,ORGANIC STATUS: (NOP USDA CERTIFIED),"COMMODITY TOTALS, ORGANIC - SALES, MEASURED IN $","COMMODITY TOTALS, ORGANIC - SALES, MEASURED IN $ - ON OPERATIONS WITH ORGANIC STATUS: (NOP USDA CERTIFIED)",STATE,CONNECTICUT,2011,"1,155,872",9
ECONOMICS,INCOME,COMMODITY TOTALS,$,ORGANIC STATUS,ORGANIC STATUS: (NOP USDA CERTIFIED),"COMMODITY TOTALS, ORGANIC - SALES, MEASURED IN $","COMMODITY TOTALS, ORGANIC - SALES, MEASURED IN $ - ON OPERATIONS WITH ORGANIC STATUS: (NOP USDA CERTIFIED)",STATE,CONNECTICUT,2014,"3,586,000",9
ECONOMICS,INCOME,COMMODITY TOTALS,$,ORGANIC STATUS,ORGANIC STATUS: (NOP USDA CERTIFIED),"COMMODITY TOTALS, ORGANIC - SALES, MEASURED IN $","COMMODITY TOTALS, ORGANIC - SALES, MEASURED IN $ - ON OPERATIONS WITH ORGANIC STATUS: (NOP USDA CERTIFIED)",STATE,CONNECTICUT,2015,"4,677,000",9
ECONOMICS,INCOME,COMMODITY TOTALS,$,ORGANIC STATUS,ORGANIC STATUS: (NOP USDA CERTIFIED),"COMMODITY TOTALS, ORGANIC - SALES, MEASURED IN $","COMMODITY TOTALS, ORGANIC - SALES, MEASURED IN $ - ON OPERATIONS WITH ORGANIC STATUS: (NOP USDA CERTIFIED)",STATE,CONNECTICUT,2016,"6,943,000",9
ECONOMICS,INCOME,COMMODITY TOTALS,$,ORGANIC STATUS,ORGANIC STATUS: (NOP USDA CERTIFIED),"COMMODITY TOTALS, ORGANIC - SALES, MEASURED IN $","COMMODITY TOTALS, ORGANIC - SALES, MEASURED IN $ - ON OPERATIONS WITH ORGANIC STATUS: (NOP USDA CERTIFIED)",STATE,CONNECTICUT,2019,"6,152,000",9
ECONOMICS,INCOME,COMMODITY TOTALS,$,ORGANIC STATUS,ORGANIC STATUS: (NOP USDA CERTIFIED),"COMMODITY TOTALS, ORGANIC - SALES, MEASURED IN $","COMMODITY TOTALS, ORGANIC - SALES, MEASURED IN $ - ON OPERATIONS WITH ORGANIC STATUS: (NOP USDA CERTIFIED)",STATE,DELAWARE,2011,"537,308",10
ECONOMICS,INCOME,COMMODITY TOTALS,$,ORGANIC STATUS,ORGANIC STATUS: (NOP USDA CERTIFIED),"COMMODITY TOTALS, ORGANIC - SALES, MEASURED IN $","COMMODITY TOTALS, ORGANIC - SALES, MEASURED IN $ - ON OPERATIONS WITH ORGANIC STATUS: (NOP USDA CERTIFIED)",STATE,DELAWARE,2014,"247,000",10
ECONOMICS,INCOME,COMMODITY TOTALS,$,ORGANIC STATUS,ORGANIC STATUS: (NOP USDA CERTIFIED),"COMMODITY TOTALS, ORGANIC - SALES, MEASURED IN $","COMMODITY TOTALS, ORGANIC - SALES, MEASURED IN $ - ON OPERATIONS WITH ORGANIC STATUS: (NOP USDA CERTIFIED)",STATE,DELAWARE,2015,(D),10
ECONOMICS,INCOME,COMMODITY TOTALS,$,ORGANIC STATUS,ORGANIC STATUS: (NOP USDA CERTIFIED),"COMMODITY TOTALS, ORGANIC - SALES, MEASURED IN $","COMMODITY TOTALS, ORGANIC - SALES, MEASURED IN $ - ON OPERATIONS WITH ORGANIC STATUS: (NOP USDA CERTIFIED)",STATE,DELAWARE,2016,(D),10
ECONOMICS,INCOME,COMMODITY TOTALS,$,ORGANIC STATUS,ORGANIC STATUS: (NOP USDA CERTIFIED),"COMMODITY TOTALS, ORGANIC - SALES, MEASURED IN $","COMMODITY TOTALS, ORGANIC - SALES, MEASURED IN $ - ON OPERATIONS WITH ORGANIC STATUS: (NOP USDA CERTIFIED)",STATE,DELAWARE,2019,"13,564,000",10
ECONOMICS,INCOME,COMMODITY TOTALS,$,ORGANIC STATUS,ORGANIC STATUS: (NOP USDA CERTIFIED),"COMMODITY TOTALS, ORGANIC - SALES, MEASURED IN $","COMMODITY TOTALS, ORGANIC - SALES, MEASURED IN $ - ON OPERATIONS WITH ORGANIC STATUS: (NOP USDA CERTIFIED)",STATE,FLORIDA,2011,"98,607,647",12
ECONOMICS,INCOME,COMMODITY TOTALS,$,ORGANIC STATUS,ORGANIC STATUS: (NOP USDA CERTIFIED),"COMMODITY TOTALS, ORGANIC - SALES, MEASURED IN $","COMMODITY TOTALS, ORGANIC - SALES, MEASURED IN $ - ON OPERATIONS WITH ORGANIC STATUS: (NOP USDA CERTIFIED)",STATE,FLORIDA,2014,"57,103,000",12
ECONOMICS,INCOME,COMMODITY TOTALS,$,ORGANIC STATUS,ORGANIC STATUS: (NOP USDA CERTIFIED),"COMMODITY TOTALS, ORGANIC - SALES, MEASURED IN $","COMMODITY TOTALS, ORGANIC - SALES, MEASURED IN $ - ON OPERATIONS WITH ORGANIC STATUS: (NOP USDA CERTIFIED)",STATE,FLORIDA,2015,"62,831,000",12
ECONOMICS,INCOME,COMMODITY TOTALS,$,ORGANIC STATUS,ORGANIC STATUS: (NOP USDA CERTIFIED),"COMMODITY TOTALS, ORGANIC - SALES, MEASURED IN $","COMMODITY TOTALS, ORGANIC - SALES, MEASURED IN $ - ON OPERATIONS WITH ORGANIC STATUS: (NOP USDA CERTIFIED)",STATE,FLORIDA,2016,"72,351,000",12
ECONOMICS,INCOME,COMMODITY TOTALS,$,ORGANIC STATUS,ORGANIC STATUS: (NOP USDA CERTIFIED),"COMMODITY TOTALS, ORGANIC - SALES, MEASURED IN $","COMMODITY TOTALS, ORGANIC - SALES, MEASURED IN $ - ON OPERATIONS WITH ORGANIC STATUS: (NOP USDA CERTIFIED)",STATE,FLORIDA,2019,"86,458,000",12
ECONOMICS,INCOME,COMMODITY TOTALS,$,ORGANIC STATUS,ORGANIC STATUS: (NOP USDA CERTIFIED),"COMMODITY TOTALS, ORGANIC - SALES, MEASURED IN $","COMMODITY TOTALS, ORGANIC - SALES, MEASURED IN $ - ON OPERATIONS WITH ORGANIC STATUS: (NOP USDA CERTIFIED)",STATE,GEORGIA,2011,"12,564,527",13
ECONOMICS,INCOME,COMMODITY TOTALS,$,ORGANIC STATUS,ORGANIC STATUS: (NOP USDA CERTIFIED),"COMMODITY TOTALS, ORGANIC - SALES, MEASURED IN $","COMMODITY TOTALS, ORGANIC - SALES, MEASURED IN $ - ON OPERATIONS WITH ORGANIC STATUS: (NOP USDA CERTIFIED)",STATE,GEORGIA,2014,"12,293,000",13
ECONOMICS,INCOME,COMMODITY TOTALS,$,ORGANIC STATUS,ORGANIC STATUS: (NOP USDA CERTIFIED),"COMMODITY TOTALS, ORGANIC - SALES, MEASURED IN $","COMMODITY TOTALS, ORGANIC - SALES, MEASURED IN $ - ON OPERATIONS WITH ORGANIC STATUS: (NOP USDA CERTIFIED)",STATE,GEORGIA,2015,"19,964,000",13
ECONOMICS,INCOME,COMMODITY TOTALS,$,ORGANIC STATUS,ORGANIC STATUS: (NOP USDA CERTIFIED),"COMMODITY TOTALS, ORGANIC - SALES, MEASURED IN $","COMMODITY TOTALS, ORGANIC - SALES, MEASURED IN $ - ON OPERATIONS WITH ORGANIC STATUS: (NOP USDA CERTIFIED)",STATE,GEORGIA,2016,"48,233,000",13
ECONOMICS,INCOME,COMMODITY TOTALS,$,ORGANIC STATUS,ORGANIC STATUS: (NOP USDA CERTIFIED),"COMMODITY TOTALS, ORGANIC - SALES, MEASURED IN $","COMMODITY TOTALS, ORGANIC - SALES, MEASURED IN $ - ON OPERATIONS WITH ORGANIC STATUS: (NOP USDA CERTIFIED)",STATE,GEORGIA,2019,"52,212,000",13
ECONOMICS,INCOME,COMMODITY TOTALS,$,ORGANIC STATUS,ORGANIC STATUS: (NOP USDA CERTIFIED),"COMMODITY TOTALS, ORGANIC - SALES, MEASURED IN $","COMMODITY TOTALS, ORGANIC - SALES, MEASURED IN $ - ON OPERATIONS WITH ORGANIC STATUS: (NOP USDA CERTIFIED)",STATE,HAWAII,2011,"7,475,413",15
ECONOMICS,INCOME,COMMODITY TOTALS,$,ORGANIC STATUS,ORGANIC STATUS: (NOP USDA CERTIFIED),"COMMODITY TOTALS, ORGANIC - SALES, MEASURED IN $","COMMODITY TOTALS, ORGANIC - SALES, MEASURED IN $ - ON OPERATIONS WITH ORGANIC STATUS: (NOP USDA CERTIFIED)",STATE,HAWAII,2014,"13,224,000",15
ECONOMICS,INCOME,COMMODITY TOTALS,$,ORGANIC STATUS,ORGANIC STATUS: (NOP USDA CERTIFIED),"COMMODITY TOTALS, ORGANIC - SALES, MEASURED IN $","COMMODITY TOTALS, ORGANIC - SALES, MEASURED IN $ - ON OPERATIONS WITH ORGANIC STATUS: (NOP USDA CERTIFIED)",STATE,HAWAII,2015,"12,576,000",15
ECONOMICS,INCOME,COMMODITY TOTALS,$,ORGANIC STATUS,ORGANIC STATUS: (NOP USDA CERTIFIED),"COMMODITY TOTALS, ORGANIC - SALES, MEASURED IN $","COMMODITY TOTALS, ORGANIC - SALES, MEASURED IN $ - ON OPERATIONS WITH ORGANIC STATUS: (NOP USDA CERTIFIED)",STATE,HAWAII,2016,"13,408,000",15
ECONOMICS,INCOME,COMMODITY TOTALS,$,ORGANIC STATUS,ORGANIC STATUS: (NOP USDA CERTIFIED),"COMMODITY TOTALS, ORGANIC - SALES, MEASURED IN $","COMMODITY TOTALS, ORGANIC - SALES, MEASURED IN $ - ON OPERATIONS WITH ORGANIC STATUS: (NOP USDA CERTIFIED)",STATE,HAWAII,2019,"17,283,000",15
ECONOMICS,INCOME,COMMODITY TOTALS,$,ORGANIC STATUS,ORGANIC STATUS: (NOP USDA CERTIFIED),"COMMODITY TOTALS, ORGANIC - SALES, MEASURED IN $","COMMODITY TOTALS, ORGANIC - SALES, MEASURED IN $ - ON OPERATIONS WITH ORGANIC STATUS: (NOP USDA CERTIFIED)",STATE,IDAHO,2011,"53,249,291",16
ECONOMICS,INCOME,COMMODITY TOTALS,$,ORGANIC STATUS,ORGANIC STATUS: (NOP USDA CERTIFIED),"COMMODITY TOTALS, ORGANIC - SALES, MEASURED IN $","COMMODITY TOTALS, ORGANIC - SALES, MEASURED IN $ - ON OPERATIONS WITH ORGANIC STATUS: (NOP USDA CERTIFIED)",STATE,IDAHO,2014,"65,679,000",16
ECONOMICS,INCOME,COMMODITY TOTALS,$,ORGANIC STATUS,ORGANIC STATUS: (NOP USDA CERTIFIED),"COMMODITY TOTALS, ORGANIC - SALES, MEASURED IN $","COMMODITY TOTALS, ORGANIC - SALES, MEASURED IN $ - ON OPERATIONS WITH ORGANIC STATUS: (NOP USDA CERTIFIED)",STATE,IDAHO,2015,"85,014,000",16
ECONOMICS,INCOME,COMMODITY TOTALS,$,ORGANIC STATUS,ORGANIC STATUS: (NOP USDA CERTIFIED),"COMMODITY TOTALS, ORGANIC - SALES, MEASURED IN $","COMMODITY TOTALS, ORGANIC - SALES, MEASURED IN $ - ON OPERATIONS WITH ORGANIC STATUS: (NOP USDA CERTIFIED)",STATE,IDAHO,2016,"98,005,000",16
ECONOMICS,INCOME,COMMODITY TOTALS,$,ORGANIC STATUS,ORGANIC STATUS: (NOP USDA CERTIFIED),"COMMODITY TOTALS, ORGANIC - SALES, MEASURED IN $","COMMODITY TOTALS, ORGANIC - SALES, MEASURED IN $ - ON OPERATIONS WITH ORGANIC STATUS: (NOP USDA CERTIFIED)",STATE,IDAHO,2019,"205,968,000",16
ECONOMICS,INCOME,COMMODITY TOTALS,$,ORGANIC STATUS,ORGANIC STATUS: (NOP USDA CERTIFIED),"COMMODITY TOTALS, ORGANIC - SALES, MEASURED IN $","COMMODITY TOTALS, ORGANIC - SALES, MEASURED IN $ - ON OPERATIONS WITH ORGANIC STATUS: (NOP USDA CERTIFIED)",STATE,ILLINOIS,2011,"27,869,730",17
ECONOMICS,INCOME,COMMODITY TOTALS,$,ORGANIC STATUS,ORGANIC STATUS: (NOP USDA CERTIFIED),"COMMODITY TOTALS, ORGANIC - SALES, MEASURED IN $","COMMODITY TOTALS, ORGANIC - SALES, MEASURED IN $ - ON OPERATIONS WITH ORGANIC STATUS: (NOP USDA CERTIFIED)",STATE,ILLINOIS,2014,"52,600,000",17
ECONOMICS,INCOME,COMMODITY TOTALS,$,ORGANIC STATUS,ORGANIC STATUS: (NOP USDA CERTIFIED),"COMMODITY TOTALS, ORGANIC - SALES, MEASURED IN $","COMMODITY TOTALS, ORGANIC - SALES, MEASURED IN $ - ON OPERATIONS WITH ORGANIC STATUS: (NOP USDA CERTIFIED)",STATE,ILLINOIS,2015,"53,350,000",17
ECONOMICS,INCOME,COMMODITY TOTALS,$,ORGANIC STATUS,ORGANIC STATUS: (NOP USDA CERTIFIED),"COMMODITY TOTALS, ORGANIC - SALES, MEASURED IN $","COMMODITY TOTALS, ORGANIC - SALES, MEASURED IN $ - ON OPERATIONS WITH ORGANIC STATUS: (NOP USDA CERTIFIED)",STATE,ILLINOIS,2016,"52,106,000",17
ECONOMICS,INCOME,COMMODITY TOTALS,$,ORGANIC STATUS,ORGANIC STATUS: (NOP USDA CERTIFIED),"COMMODITY TOTALS, ORGANIC - SALES, MEASURED IN $","COMMODITY TOTALS, ORGANIC - SALES, MEASURED IN $ - ON OPERATIONS WITH ORGANIC STATUS: (NOP USDA CERTIFIED)",STATE,ILLINOIS,2019,"72,702,000",17
ECONOMICS,INCOME,COMMODITY TOTALS,$,ORGANIC STATUS,ORGANIC STATUS: (NOP USDA CERTIFIED),"COMMODITY TOTALS, ORGANIC - SALES, MEASURED IN $","COMMODITY TOTALS, ORGANIC - SALES, MEASURED IN $ - ON OPERATIONS WITH ORGANIC STATUS: (NOP USDA CERTIFIED)",STATE,INDIANA,2011,"30,389,950",18
ECONOMICS,INCOME,COMMODITY TOTALS,$,ORGANIC STATUS,ORGANIC STATUS: (NOP USDA CERTIFIED),"COMMODITY TOTALS, ORGANIC - SALES, MEASURED IN $","COMMODITY TOTALS, ORGANIC - SALES, MEASURED IN $ - ON OPERATIONS WITH ORGANIC STATUS: (NOP USDA CERTIFIED)",STATE,INDIANA,2014,"59,665,000",18
ECONOMICS,INCOME,COMMODITY TOTALS,$,ORGANIC STATUS,ORGANIC STATUS: (NOP USDA CERTIFIED),"COMMODITY TOTALS, ORGANIC - SALES, MEASURED IN $","COMMODITY TOTALS, ORGANIC - SALES, MEASURED IN $ - ON OPERATIONS WITH ORGANIC STATUS: (NOP USDA CERTIFIED)",STATE,INDIANA,2015,"59,450,000",18
ECONOMICS,INCOME,COMMODITY TOTALS,$,ORGANIC STATUS,ORGANIC STATUS: (NOP USDA CERTIFIED),"COMMODITY TOTALS, ORGANIC - SALES, MEASURED IN $","COMMODITY TOTALS, ORGANIC - SALES, MEASURED IN $ - ON OPERATIONS WITH ORGANIC STATUS: (NOP USDA CERTIFIED)",STATE,INDIANA,2016,"99,124,000",18
ECONOMICS,INCOME,COMMODITY TOTALS,$,ORGANIC STATUS,ORGANIC STATUS: (NOP USDA CERTIFIED),"COMMODITY TOTALS, ORGANIC - SALES, MEASURED IN $","COMMODITY TOTALS, ORGANIC - SALES, MEASURED IN $ - ON OPERATIONS WITH ORGANIC STATUS: (NOP USDA CERTIFIED)",STATE,INDIANA,2019,"180,951,000",18
ECONOMICS,INCOME,COMMODITY TOTALS,$,ORGANIC STATUS,ORGANIC STATUS: (NOP USDA CERTIFIED),"COMMODITY TOTALS, ORGANIC - SALES, MEASURED IN $","COMMODITY TOTALS, ORGANIC - SALES, MEASURED IN $ - ON OPERATIONS WITH ORGANIC STATUS: (NOP USDA CERTIFIED)",STATE,IOWA,2011,"60,703,312",19
ECONOMICS,INCOME,COMMODITY TOTALS,$,ORGANIC STATUS,ORGANIC STATUS: (NOP USDA CERTIFIED),"COMMODITY TOTALS, ORGANIC - SALES, MEASURED IN $","COMMODITY TOTALS, ORGANIC - SALES, MEASURED IN $ - ON OPERATIONS WITH ORGANIC STATUS: (NOP USDA CERTIFIED)",STATE,IOWA,2014,"102,529,000",19
ECONOMICS,INCOME,COMMODITY TOTALS,$,ORGANIC STATUS,ORGANIC STATUS: (NOP USDA CERTIFIED),"COMMODITY TOTALS, ORGANIC - SALES, MEASURED IN $","COMMODITY TOTALS, ORGANIC - SALES, MEASURED IN $ - ON OPERATIONS WITH ORGANIC STATUS: (NOP USDA CERTIFIED)",STATE,IOWA,2015,"120,544,000",19
ECONOMICS,INCOME,COMMODITY TOTALS,$,ORGANIC STATUS,ORGANIC STATUS: (NOP USDA CERTIFIED),"COMMODITY TOTALS, ORGANIC - SALES, MEASURED IN $","COMMODITY TOTALS, ORGANIC - SALES, MEASURED IN $ - ON OPERATIONS WITH ORGANIC STATUS: (NOP USDA CERTIFIED)",STATE,IOWA,2016,"131,188,000",19
ECONOMICS,INCOME,COMMODITY TOTALS,$,ORGANIC STATUS,ORGANIC STATUS: (NOP USDA CERTIFIED),"COMMODITY TOTALS, ORGANIC - SALES, MEASURED IN $","COMMODITY TOTALS, ORGANIC - SALES, MEASURED IN $ - ON OPERATIONS WITH ORGANIC STATUS: (NOP USDA CERTIFIED)",STATE,IOWA,2019,"144,596,000",19
ECONOMICS,INCOME,COMMODITY TOTALS,$,ORGANIC STATUS,ORGANIC STATUS: (NOP USDA CERTIFIED),"COMMODITY TOTALS, ORGANIC - SALES, MEASURED IN $","COMMODITY TOTALS, ORGANIC - SALES, MEASURED IN $ - ON OPERATIONS WITH ORGANIC STATUS: (NOP USDA CERTIFIED)",STATE,KANSAS,2011,(D),20
ECONOMICS,INCOME,COMMODITY TOTALS,$,ORGANIC STATUS,ORGANIC STATUS: (NOP USDA CERTIFIED),"COMMODITY TOTALS, ORGANIC - SALES, MEASURED IN $","COMMODITY TOTALS, ORGANIC - SALES, MEASURED IN $ - ON OPERATIONS WITH ORGANIC STATUS: (NOP USDA CERTIFIED)",STATE,KANSAS,2014,"17,199,000",20
ECONOMICS,INCOME,COMMODITY TOTALS,$,ORGANIC STATUS,ORGANIC STATUS: (NOP USDA CERTIFIED),"COMMODITY TOTALS, ORGANIC - SALES, MEASURED IN $","COMMODITY TOTALS, ORGANIC - SALES, MEASURED IN $ - ON OPERATIONS WITH ORGANIC STATUS: (NOP USDA CERTIFIED)",STATE,KANSAS,2015,"17,800,000",20
ECONOMICS,INCOME,COMMODITY TOTALS,$,ORGANIC STATUS,ORGANIC STATUS: (NOP USDA CERTIFIED),"COMMODITY TOTALS, ORGANIC - SALES, MEASURED IN $","COMMODITY TOTALS, ORGANIC - SALES, MEASURED IN $ - ON OPERATIONS WITH ORGANIC STATUS: (NOP USDA CERTIFIED)",STATE,KANSAS,2016,"50,020,000",20
ECONOMICS,INCOME,COMMODITY TOTALS,$,ORGANIC STATUS,ORGANIC STATUS: (NOP USDA CERTIFIED),"COMMODITY TOTALS, ORGANIC - SALES, MEASURED IN $","COMMODITY TOTALS, ORGANIC - SALES, MEASURED IN $ - ON OPERATIONS WITH ORGANIC STATUS: (NOP USDA CERTIFIED)",STATE,KANSAS,2019,"69,048,000",20
ECONOMICS,INCOME,COMMODITY TOTALS,$,ORGANIC STATUS,ORGANIC STATUS: (NOP USDA CERTIFIED),"COMMODITY TOTALS, ORGANIC - SALES, MEASURED IN $","COMMODITY TOTALS, ORGANIC - SALES, MEASURED IN $ - ON OPERATIONS WITH ORGANIC STATUS: (NOP USDA CERTIFIED)",STATE,KENTUCKY,2011,"3,519,049",21
ECONOMICS,INCOME,COMMODITY TOTALS,$,ORGANIC STATUS,ORGANIC STATUS: (NOP USDA CERTIFIED),"COMMODITY TOTALS, ORGANIC - SALES, MEASURED IN $","COMMODITY TOTALS, ORGANIC - SALES, MEASURED IN $ - ON OPERATIONS WITH ORGANIC STATUS: (NOP USDA CERTIFIED)",STATE,KENTUCKY,2014,"7,671,000",21
ECONOMICS,INCOME,COMMODITY TOTALS,$,ORGANIC STATUS,ORGANIC STATUS: (NOP USDA CERTIFIED),"COMMODITY TOTALS, ORGANIC - SALES, MEASURED IN $","COMMODITY TOTALS, ORGANIC - SALES, MEASURED IN $ - ON OPERATIONS WITH ORGANIC STATUS: (NOP USDA CERTIFIED)",STATE,KENTUCKY,2015,"9,372,000",21
ECONOMICS,INCOME,COMMODITY TOTALS,$,ORGANIC STATUS,ORGANIC STATUS: (NOP USDA CERTIFIED),"COMMODITY TOTALS, ORGANIC - SALES, MEASURED IN $","COMMODITY TOTALS, ORGANIC - SALES, MEASURED IN $ - ON OPERATIONS WITH ORGANIC STATUS: (NOP USDA CERTIFIED)",STATE,KENTUCKY,2016,"12,181,000",21
ECONOMICS,INCOME,COMMODITY TOTALS,$,ORGANIC STATUS,ORGANIC STATUS: (NOP USDA CERTIFIED),"COMMODITY TOTALS, ORGANIC - SALES, MEASURED IN $","COMMODITY TOTALS, ORGANIC - SALES, MEASURED IN $ - ON OPERATIONS WITH ORGANIC STATUS: (NOP USDA CERTIFIED)",STATE,KENTUCKY,2019,"38,459,000",21
ECONOMICS,INCOME,COMMODITY TOTALS,$,ORGANIC STATUS,ORGANIC STATUS: (NOP USDA CERTIFIED),"COMMODITY TOTALS, ORGANIC - SALES, MEASURED IN $","COMMODITY TOTALS, ORGANIC - SALES, MEASURED IN $ - ON OPERATIONS WITH ORGANIC STATUS: (NOP USDA CERTIFIED)",STATE,LOUISIANA,2011,"2,783,159",22
ECONOMICS,INCOME,COMMODITY TOTALS,$,ORGANIC STATUS,ORGANIC STATUS: (NOP USDA CERTIFIED),"COMMODITY TOTALS, ORGANIC - SALES, MEASURED IN $","COMMODITY TOTALS, ORGANIC - SALES, MEASURED IN $ - ON OPERATIONS WITH ORGANIC STATUS: (NOP USDA CERTIFIED)",STATE,LOUISIANA,2014,(D),22
ECONOMICS,INCOME,COMMODITY TOTALS,$,ORGANIC STATUS,ORGANIC STATUS: (NOP USDA CERTIFIED),"COMMODITY TOTALS, ORGANIC - SALES, MEASURED IN $","COMMODITY TOTALS, ORGANIC - SALES, MEASURED IN $ - ON OPERATIONS WITH ORGANIC STATUS: (NOP USDA CERTIFIED)",STATE,LOUISIANA,2015,"5,152,000",22
ECONOMICS,INCOME,COMMODITY TOTALS,$,ORGANIC STATUS,ORGANIC STATUS: (NOP USDA CERTIFIED),"COMMODITY TOTALS, ORGANIC - SALES, MEASURED IN $","COMMODITY TOTALS, ORGANIC - SALES, MEASURED IN $ - ON OPERATIONS WITH ORGANIC STATUS: (NOP USDA CERTIFIED)",STATE,LOUISIANA,2016,"11,120,000",22
ECONOMICS,INCOME,COMMODITY TOTALS,$,ORGANIC STATUS,ORGANIC STATUS: (NOP USDA CERTIFIED),"COMMODITY TOTALS, ORGANIC - SALES, MEASURED IN $","COMMODITY TOTALS, ORGANIC - SALES, MEASURED IN $ - ON OPERATIONS WITH ORGANIC STATUS: (NOP USDA CERTIFIED)",STATE,LOUISIANA,2019,"14,333,000",22
ECONOMICS,INCOME,COMMODITY TOTALS,$,ORGANIC STATUS,ORGANIC STATUS: (NOP USDA CERTIFIED),"COMMODITY TOTALS, ORGANIC - SALES, MEASURED IN $","COMMODITY TOTALS, ORGANIC - SALES, MEASURED IN $ - ON OPERATIONS WITH ORGANIC STATUS: (NOP USDA CERTIFIED)",STATE,MAINE,2011,"24,402,151",23
ECONOMICS,INCOME,COMMODITY TOTALS,$,ORGANIC STATUS,ORGANIC STATUS: (NOP USDA CERTIFIED),"COMMODITY TOTALS, ORGANIC - SALES, MEASURED IN $","COMMODITY TOTALS, ORGANIC - SALES, MEASURED IN $ - ON OPERATIONS WITH ORGANIC STATUS: (NOP USDA CERTIFIED)",STATE,MAINE,2014,"53,906,000",23
ECONOMICS,INCOME,COMMODITY TOTALS,$,ORGANIC STATUS,ORGANIC STATUS: (NOP USDA CERTIFIED),"COMMODITY TOTALS, ORGANIC - SALES, MEASURED IN $","COMMODITY TOTALS, ORGANIC - SALES, MEASURED IN $ - ON OPERATIONS WITH ORGANIC STATUS: (NOP USDA CERTIFIED)",STATE,MAINE,2015,"47,824,000",23
ECONOMICS,INCOME,COMMODITY TOTALS,$,ORGANIC STATUS,ORGANIC STATUS: (NOP USDA CERTIFIED),"COMMODITY TOTALS, ORGANIC - SALES, MEASURED IN $","COMMODITY TOTALS, ORGANIC - SALES, MEASURED IN $ - ON OPERATIONS WITH ORGANIC STATUS: (NOP USDA CERTIFIED)",STATE,MAINE,2016,"65,648,000",23
ECONOMICS,INCOME,COMMODITY TOTALS,$,ORGANIC STATUS,ORGANIC STATUS: (NOP USDA CERTIFIED),"COMMODITY TOTALS, ORGANIC - SALES, MEASURED IN $","COMMODITY TOTALS, ORGANIC - SALES, MEASURED IN $ - ON OPERATIONS WITH ORGANIC STATUS: (NOP USDA CERTIFIED)",STATE,MAINE,2019,"63,820,000",23
ECONOMICS,INCOME,COMMODITY TOTALS,$,ORGANIC STATUS,ORGANIC STATUS: (NOP USDA CERTIFIED),"COMMODITY TOTALS, ORGANIC - SALES, MEASURED IN $","COMMODITY TOTALS, ORGANIC - SALES, MEASURED IN $ - ON OPERATIONS WITH ORGANIC STATUS: (NOP USDA CERTIFIED)",STATE,MARYLAND,2011,"9,014,299",24
ECONOMICS,INCOME,COMMODITY TOTALS,$,ORGANIC STATUS,ORGANIC STATUS: (NOP USDA CERTIFIED),"COMMODITY TOTALS, ORGANIC - SALES, MEASURED IN $","COMMODITY TOTALS, ORGANIC - SALES, MEASURED IN $ - ON OPERATIONS WITH ORGANIC STATUS: (NOP USDA CERTIFIED)",STATE,MARYLAND,2014,"18,927,000",24
ECONOMICS,INCOME,COMMODITY TOTALS,$,ORGANIC STATUS,ORGANIC STATUS: (NOP USDA CERTIFIED),"COMMODITY TOTALS, ORGANIC - SALES, MEASURED IN $","COMMODITY TOTALS, ORGANIC - SALES, MEASURED IN $ - ON OPERATIONS WITH ORGANIC STATUS: (NOP USDA CERTIFIED)",STATE,MARYLAND,2015,"13,884,000",24
ECONOMICS,INCOME,COMMODITY TOTALS,$,ORGANIC STATUS,ORGANIC STATUS: (NOP USDA CERTIFIED),"COMMODITY TOTALS, ORGANIC - SALES, MEASURED IN $","COMMODITY TOTALS, ORGANIC - SALES, MEASURED IN $ - ON OPERATIONS WITH ORGANIC STATUS: (NOP USDA CERTIFIED)",STATE,MARYLAND,2016,"17,679,000",24
ECONOMICS,INCOME,COMMODITY TOTALS,$,ORGANIC STATUS,ORGANIC STATUS: (NOP USDA CERTIFIED),"COMMODITY TOTALS, ORGANIC - SALES, MEASURED IN $","COMMODITY TOTALS, ORGANIC - SALES, MEASURED IN $ - ON OPERATIONS WITH ORGANIC STATUS: (NOP USDA CERTIFIED)",STATE,MARYLAND,2019,"50,080,000",24
ECONOMICS,INCOME,COMMODITY TOTALS,$,ORGANIC STATUS,ORGANIC STATUS: (NOP USDA CERTIFIED),"COMMODITY TOTALS, ORGANIC - SALES, MEASURED IN $","COMMODITY TOTALS, ORGANIC - SALES, MEASURED IN $ - ON OPERATIONS WITH ORGANIC STATUS: (NOP USDA CERTIFIED)",STATE,MASSACHUSETTS,2011,"10,758,453",25
ECONOMICS,INCOME,COMMODITY TOTALS,$,ORGANIC STATUS,ORGANIC STATUS: (NOP USDA CERTIFIED),"COMMODITY TOTALS, ORGANIC - SALES, MEASURED IN $","COMMODITY TOTALS, ORGANIC - SALES, MEASURED IN $ - ON OPERATIONS WITH ORGANIC STATUS: (NOP USDA CERTIFIED)",STATE,MASSACHUSETTS,2014,"24,595,000",25
ECONOMICS,INCOME,COMMODITY TOTALS,$,ORGANIC STATUS,ORGANIC STATUS: (NOP USDA CERTIFIED),"COMMODITY TOTALS, ORGANIC - SALES, MEASURED IN $","COMMODITY TOTALS, ORGANIC - SALES, MEASURED IN $ - ON OPERATIONS WITH ORGANIC STATUS: (NOP USDA CERTIFIED)",STATE,MASSACHUSETTS,2015,"30,485,000",25
ECONOMICS,INCOME,COMMODITY TOTALS,$,ORGANIC STATUS,ORGANIC STATUS: (NOP USDA CERTIFIED),"COMMODITY TOTALS, ORGANIC - SALES, MEASURED IN $","COMMODITY TOTALS, ORGANIC - SALES, MEASURED IN $ - ON OPERATIONS WITH ORGANIC STATUS: (NOP USDA CERTIFIED)",STATE,MASSACHUSETTS,2016,"26,125,000",25
ECONOMICS,INCOME,COMMODITY TOTALS,$,ORGANIC STATUS,ORGANIC STATUS: (NOP USDA CERTIFIED),"COMMODITY TOTALS, ORGANIC - SALES, MEASURED IN $","COMMODITY TOTALS, ORGANIC - SALES, MEASURED IN $ - ON OPERATIONS WITH ORGANIC STATUS: (NOP USDA CERTIFIED)",STATE,MASSACHUSETTS,2019,"32,895,000",25
ECONOMICS,INCOME,COMMODITY TOTALS,$,ORGANIC STATUS,ORGANIC STATUS: (NOP USDA CERTIFIED),"COMMODITY TOTALS, ORGANIC - SALES, MEASURED IN $","COMMODITY TOTALS, ORGANIC - SALES, MEASURED IN $ - ON OPERATIONS WITH ORGANIC STATUS: (NOP USDA CERTIFIED)",STATE,MICHIGAN,2011,"99,205,795",26
ECONOMICS,INCOME,COMMODITY TOTALS,$,ORGANIC STATUS,ORGANIC STATUS: (NOP USDA CERTIFIED),"COMMODITY TOTALS, ORGANIC - SALES, MEASURED IN $","COMMODITY TOTALS, ORGANIC - SALES, MEASURED IN $ - ON OPERATIONS WITH ORGANIC STATUS: (NOP USDA CERTIFIED)",STATE,MICHIGAN,2014,"124,519,000",26
ECONOMICS,INCOME,COMMODITY TOTALS,$,ORGANIC STATUS,ORGANIC STATUS: (NOP USDA CERTIFIED),"COMMODITY TOTALS, ORGANIC - SALES, MEASURED IN $","COMMODITY TOTALS, ORGANIC - SALES, MEASURED IN $ - ON OPERATIONS WITH ORGANIC STATUS: (NOP USDA CERTIFIED)",STATE,MICHIGAN,2015,"186,918,000",26
ECONOMICS,INCOME,COMMODITY TOTALS,$,ORGANIC STATUS,ORGANIC STATUS: (NOP USDA CERTIFIED),"COMMODITY TOTALS, ORGANIC - SALES, MEASURED IN $","COMMODITY TOTALS, ORGANIC - SALES, MEASURED IN $ - ON OPERATIONS WITH ORGANIC STATUS: (NOP USDA CERTIFIED)",STATE,MICHIGAN,2016,"201,067,000",26
ECONOMICS,INCOME,COMMODITY TOTALS,$,ORGANIC STATUS,ORGANIC STATUS: (NOP USDA CERTIFIED),"COMMODITY TOTALS, ORGANIC - SALES, MEASURED IN $","COMMODITY TOTALS, ORGANIC - SALES, MEASURED IN $ - ON OPERATIONS WITH ORGANIC STATUS: (NOP USDA CERTIFIED)",STATE,MICHIGAN,2019,"230,955,000",26
ECONOMICS,INCOME,COMMODITY TOTALS,$,ORGANIC STATUS,ORGANIC STATUS: (NOP USDA CERTIFIED),"COMMODITY TOTALS, ORGANIC - SALES, MEASURED IN $","COMMODITY TOTALS, ORGANIC - SALES, MEASURED IN $ - ON OPERATIONS WITH ORGANIC STATUS: (NOP USDA CERTIFIED)",STATE,MINNESOTA,2011,"69,181,178",27
ECONOMICS,INCOME,COMMODITY TOTALS,$,ORGANIC STATUS,ORGANIC STATUS: (NOP USDA CERTIFIED),"COMMODITY TOTALS, ORGANIC - SALES, MEASURED IN $","COMMODITY TOTALS, ORGANIC - SALES, MEASURED IN $ - ON OPERATIONS WITH ORGANIC STATUS: (NOP USDA CERTIFIED)",STATE,MINNESOTA,2014,"92,088,000",27
ECONOMICS,INCOME,COMMODITY TOTALS,$,ORGANIC STATUS,ORGANIC STATUS: (NOP USDA CERTIFIED),"COMMODITY TOTALS, ORGANIC - SALES, MEASURED IN $","COMMODITY TOTALS, ORGANIC - SALES, MEASURED IN $ - ON OPERATIONS WITH ORGANIC STATUS: (NOP USDA CERTIFIED)",STATE,MINNESOTA,2015,"91,993,000",27
ECONOMICS,INCOME,COMMODITY TOTALS,$,ORGANIC STATUS,ORGANIC STATUS: (NOP USDA CERTIFIED),"COMMODITY TOTALS, ORGANIC - SALES, MEASURED IN $","COMMODITY TOTALS, ORGANIC - SALES, MEASURED IN $ - ON OPERATIONS WITH ORGANIC STATUS: (NOP USDA CERTIFIED)",STATE,MINNESOTA,2016,"106,479,000",27
ECONOMICS,INCOME,COMMODITY TOTALS,$,ORGANIC STATUS,ORGANIC STATUS: (NOP USDA CERTIFIED),"COMMODITY TOTALS, ORGANIC - SALES, MEASURED IN $","COMMODITY TOTALS, ORGANIC - SALES, MEASURED IN $ - ON OPERATIONS WITH ORGANIC STATUS: (NOP USDA CERTIFIED)",STATE,MINNESOTA,2019,"113,606,000",27
ECONOMICS,INCOME,COMMODITY TOTALS,$,ORGANIC STATUS,ORGANIC STATUS: (NOP USDA CERTIFIED),"COMMODITY TOTALS, ORGANIC - SALES, MEASURED IN $","COMMODITY TOTALS, ORGANIC - SALES, MEASURED IN $ - ON OPERATIONS WITH ORGANIC STATUS: (NOP USDA CERTIFIED)",STATE,MISSISSIPPI,2011,(D),28
ECONOMICS,INCOME,COMMODITY TOTALS,$,ORGANIC STATUS,ORGANIC STATUS: (NOP USDA CERTIFIED),"COMMODITY TOTALS, ORGANIC - SALES, MEASURED IN $","COMMODITY TOTALS, ORGANIC - SALES, MEASURED IN $ - ON OPERATIONS WITH ORGANIC STATUS: (NOP USDA CERTIFIED)",STATE,MISSISSIPPI,2014,"6,000,000",28
ECONOMICS,INCOME,COMMODITY TOTALS,$,ORGANIC STATUS,ORGANIC STATUS: (NOP USDA CERTIFIED),"COMMODITY TOTALS, ORGANIC - SALES, MEASURED IN $","COMMODITY TOTALS, ORGANIC - SALES, MEASURED IN $ - ON OPERATIONS WITH ORGANIC STATUS: (NOP USDA CERTIFIED)",STATE,MISSISSIPPI,2015,"7,368,000",28
ECONOMICS,INCOME,COMMODITY TOTALS,$,ORGANIC STATUS,ORGANIC STATUS: (NOP USDA CERTIFIED),"COMMODITY TOTALS, ORGANIC - SALES, MEASURED IN $","COMMODITY TOTALS, ORGANIC - SALES, MEASURED IN $ - ON OPERATIONS WITH ORGANIC STATUS: (NOP USDA CERTIFIED)",STATE,MISSISSIPPI,2016,"16,381,000",28
ECONOMICS,INCOME,COMMODITY TOTALS,$,ORGANIC STATUS,ORGANIC STATUS: (NOP USDA CERTIFIED),"COMMODITY TOTALS, ORGANIC - SALES, MEASURED IN $","COMMODITY TOTALS, ORGANIC - SALES, MEASURED IN $ - ON OPERATIONS WITH ORGANIC STATUS: (NOP USDA CERTIFIED)",STATE,MISSISSIPPI,2019,"29,527,000",28
ECONOMICS,INCOME,COMMODITY TOTALS,$,ORGANIC STATUS,ORGANIC STATUS: (NOP USDA CERTIFIED),"COMMODITY TOTALS, ORGANIC - SALES, MEASURED IN $","COMMODITY TOTALS, ORGANIC - SALES, MEASURED IN $ - ON OPERATIONS WITH ORGANIC STATUS: (NOP USDA CERTIFIED)",STATE,MISSOURI,2011,"40,004,216",29
ECONOMICS,INCOME,COMMODITY TOTALS,$,ORGANIC STATUS,ORGANIC STATUS: (NOP USDA CERTIFIED),"COMMODITY TOTALS, ORGANIC - SALES, MEASURED IN $","COMMODITY TOTALS, ORGANIC - SALES, MEASURED IN $ - ON OPERATIONS WITH ORGANIC STATUS: (NOP USDA CERTIFIED)",STATE,MISSOURI,2014,"43,179,000",29
ECONOMICS,INCOME,COMMODITY TOTALS,$,ORGANIC STATUS,ORGANIC STATUS: (NOP USDA CERTIFIED),"COMMODITY TOTALS, ORGANIC - SALES, MEASURED IN $","COMMODITY TOTALS, ORGANIC - SALES, MEASURED IN $ - ON OPERATIONS WITH ORGANIC STATUS: (NOP USDA CERTIFIED)",STATE,MISSOURI,2015,"92,528,000",29
ECONOMICS,INCOME,COMMODITY TOTALS,$,ORGANIC STATUS,ORGANIC STATUS: (NOP USDA CERTIFIED),"COMMODITY TOTALS, ORGANIC - SALES, MEASURED IN $","COMMODITY TOTALS, ORGANIC - SALES, MEASURED IN $ - ON OPERATIONS WITH ORGANIC STATUS: (NOP USDA CERTIFIED)",STATE,MISSOURI,2016,"101,298,000",29
ECONOMICS,INCOME,COMMODITY TOTALS,$,ORGANIC STATUS,ORGANIC STATUS: (NOP USDA CERTIFIED),"COMMODITY TOTALS, ORGANIC - SALES, MEASURED IN $","COMMODITY TOTALS, ORGANIC - SALES, MEASURED IN $ - ON OPERATIONS WITH ORGANIC STATUS: (NOP USDA CERTIFIED)",STATE,MISSOURI,2019,"113,880,000",29
ECONOMICS,INCOME,COMMODITY TOTALS,$,ORGANIC STATUS,ORGANIC STATUS: (NOP USDA CERTIFIED),"COMMODITY TOTALS, ORGANIC - SALES, MEASURED IN $","COMMODITY TOTALS, ORGANIC - SALES, MEASURED IN $ - ON OPERATIONS WITH ORGANIC STATUS: (NOP USDA CERTIFIED)",STATE,MONTANA,2011,"29,317,521",30
ECONOMICS,INCOME,COMMODITY TOTALS,$,ORGANIC STATUS,ORGANIC STATUS: (NOP USDA CERTIFIED),"COMMODITY TOTALS, ORGANIC - SALES, MEASURED IN $","COMMODITY TOTALS, ORGANIC - SALES, MEASURED IN $ - ON OPERATIONS WITH ORGANIC STATUS: (NOP USDA CERTIFIED)",STATE,MONTANA,2014,"43,603,000",30
ECONOMICS,INCOME,COMMODITY TOTALS,$,ORGANIC STATUS,ORGANIC STATUS: (NOP USDA CERTIFIED),"COMMODITY TOTALS, ORGANIC - SALES, MEASURED IN $","COMMODITY TOTALS, ORGANIC - SALES, MEASURED IN $ - ON OPERATIONS WITH ORGANIC STATUS: (NOP USDA CERTIFIED)",STATE,MONTANA,2015,"48,918,000",30
ECONOMICS,INCOME,COMMODITY TOTALS,$,ORGANIC STATUS,ORGANIC STATUS: (NOP USDA CERTIFIED),"COMMODITY TOTALS, ORGANIC - SALES, MEASURED IN $","COMMODITY TOTALS, ORGANIC - SALES, MEASURED IN $ - ON OPERATIONS WITH ORGANIC STATUS: (NOP USDA CERTIFIED)",STATE,MONTANA,2016,"53,187,000",30
ECONOMICS,INCOME,COMMODITY TOTALS,$,ORGANIC STATUS,ORGANIC STATUS: (NOP USDA CERTIFIED),"COMMODITY TOTALS, ORGANIC - SALES, MEASURED IN $","COMMODITY TOTALS, ORGANIC - SALES, MEASURED IN $ - ON OPERATIONS WITH ORGANIC STATUS: (NOP USDA CERTIFIED)",STATE,MONTANA,2019,"65,467,000",30
ECONOMICS,INCOME,COMMODITY TOTALS,$,ORGANIC STATUS,ORGANIC STATUS: (NOP USDA CERTIFIED),"COMMODITY TOTALS, ORGANIC - SALES, MEASURED IN $","COMMODITY TOTALS, ORGANIC - SALES, MEASURED IN $ - ON OPERATIONS WITH ORGANIC STATUS: (NOP USDA CERTIFIED)",STATE,NEBRASKA,2011,(D),31
ECONOMICS,INCOME,COMMODITY TOTALS,$,ORGANIC STATUS,ORGANIC STATUS: (NOP USDA CERTIFIED),"COMMODITY TOTALS, ORGANIC - SALES, MEASURED IN $","COMMODITY TOTALS, ORGANIC - SALES, MEASURED IN $ - ON OPERATIONS WITH ORGANIC STATUS: (NOP USDA CERTIFIED)",STATE,NEBRASKA,2014,"75,907,000",31
ECONOMICS,INCOME,COMMODITY TOTALS,$,ORGANIC STATUS,ORGANIC STATUS: (NOP USDA CERTIFIED),"COMMODITY TOTALS, ORGANIC - SALES, MEASURED IN $","COMMODITY TOTALS, ORGANIC - SALES, MEASURED IN $ - ON OPERATIONS WITH ORGANIC STATUS: (NOP USDA CERTIFIED)",STATE,NEBRASKA,2015,"72,020,000",31
ECONOMICS,INCOME,COMMODITY TOTALS,$,ORGANIC STATUS,ORGANIC STATUS: (NOP USDA CERTIFIED),"COMMODITY TOTALS, ORGANIC - SALES, MEASURED IN $","COMMODITY TOTALS, ORGANIC - SALES, MEASURED IN $ - ON OPERATIONS WITH ORGANIC STATUS: (NOP USDA CERTIFIED)",STATE,NEBRASKA,2016,"95,971,000",31
ECONOMICS,INCOME,COMMODITY TOTALS,$,ORGANIC STATUS,ORGANIC STATUS: (NOP USDA CERTIFIED),"COMMODITY TOTALS, ORGANIC - SALES, MEASURED IN $","COMMODITY TOTALS, ORGANIC - SALES, MEASURED IN $ - ON OPERATIONS WITH ORGANIC STATUS: (NOP USDA CERTIFIED)",STATE,NEBRASKA,2019,"184,634,000",31
ECONOMICS,INCOME,COMMODITY TOTALS,$,ORGANIC STATUS,ORGANIC STATUS: (NOP USDA CERTIFIED),"COMMODITY TOTALS, ORGANIC - SALES, MEASURED IN $","COMMODITY TOTALS, ORGANIC - SALES, MEASURED IN $ - ON OPERATIONS WITH ORGANIC STATUS: (NOP USDA CERTIFIED)",STATE,NEVADA,2011,"2,034,811",32
ECONOMICS,INCOME,COMMODITY TOTALS,$,ORGANIC STATUS,ORGANIC STATUS: (NOP USDA CERTIFIED),"COMMODITY TOTALS, ORGANIC - SALES, MEASURED IN $","COMMODITY TOTALS, ORGANIC - SALES, MEASURED IN $ - ON OPERATIONS WITH ORGANIC STATUS: (NOP USDA CERTIFIED)",STATE,NEVADA,2014,(D),32
ECONOMICS,INCOME,COMMODITY TOTALS,$,ORGANIC STATUS,ORGANIC STATUS: (NOP USDA CERTIFIED),"COMMODITY TOTALS, ORGANIC - SALES, MEASURED IN $","COMMODITY TOTALS, ORGANIC - SALES, MEASURED IN $ - ON OPERATIONS WITH ORGANIC STATUS: (NOP USDA CERTIFIED)",STATE,NEVADA,2015,"18,756,000",32
ECONOMICS,INCOME,COMMODITY TOTALS,$,ORGANIC STATUS,ORGANIC STATUS: (NOP USDA CERTIFIED),"COMMODITY TOTALS, ORGANIC - SALES, MEASURED IN $","COMMODITY TOTALS, ORGANIC - SALES, MEASURED IN $ - ON OPERATIONS WITH ORGANIC STATUS: (NOP USDA CERTIFIED)",STATE,NEVADA,2016,"29,091,000",32
ECONOMICS,INCOME,COMMODITY TOTALS,$,ORGANIC STATUS,ORGANIC STATUS: (NOP USDA CERTIFIED),"COMMODITY TOTALS, ORGANIC - SALES, MEASURED IN $","COMMODITY TOTALS, ORGANIC - SALES, MEASURED IN $ - ON OPERATIONS WITH ORGANIC STATUS: (NOP USDA CERTIFIED)",STATE,NEVADA,2019,"66,803,000",32
ECONOMICS,INCOME,COMMODITY TOTALS,$,ORGANIC STATUS,ORGANIC STATUS: (NOP USDA CERTIFIED),"COMMODITY TOTALS, ORGANIC - SALES, MEASURED IN $","COMMODITY TOTALS, ORGANIC - SALES, MEASURED IN $ - ON OPERATIONS WITH ORGANIC STATUS: (NOP USDA CERTIFIED)",STATE,NEW HAMPSHIRE,2011,"16,826,944",33
ECONOMICS,INCOME,COMMODITY TOTALS,$,ORGANIC STATUS,ORGANIC STATUS: (NOP USDA CERTIFIED),"COMMODITY TOTALS, ORGANIC - SALES, MEASURED IN $","COMMODITY TOTALS, ORGANIC - SALES, MEASURED IN $ - ON OPERATIONS WITH ORGANIC STATUS: (NOP USDA CERTIFIED)",STATE,NEW HAMPSHIRE,2014,"20,735,000",33
ECONOMICS,INCOME,COMMODITY TOTALS,$,ORGANIC STATUS,ORGANIC STATUS: (NOP USDA CERTIFIED),"COMMODITY TOTALS, ORGANIC - SALES, MEASURED IN $","COMMODITY TOTALS, ORGANIC - SALES, MEASURED IN $ - ON OPERATIONS WITH ORGANIC STATUS: (NOP USDA CERTIFIED)",STATE,NEW HAMPSHIRE,2015,"18,745,000",33
ECONOMICS,INCOME,COMMODITY TOTALS,$,ORGANIC STATUS,ORGANIC STATUS: (NOP USDA CERTIFIED),"COMMODITY TOTALS, ORGANIC - SALES, MEASURED IN $","COMMODITY TOTALS, ORGANIC - SALES, MEASURED IN $ - ON OPERATIONS WITH ORGANIC STATUS: (NOP USDA CERTIFIED)",STATE,NEW HAMPSHIRE,2016,"9,050,000",33
ECONOMICS,INCOME,COMMODITY TOTALS,$,ORGANIC STATUS,ORGANIC STATUS: (NOP USDA CERTIFIED),"COMMODITY TOTALS, ORGANIC - SALES, MEASURED IN $","COMMODITY TOTALS, ORGANIC - SALES, MEASURED IN $ - ON OPERATIONS WITH ORGANIC STATUS: (NOP USDA CERTIFIED)",STATE,NEW HAMPSHIRE,2019,"11,274,000",33
ECONOMICS,INCOME,COMMODITY TOTALS,$,ORGANIC STATUS,ORGANIC STATUS: (NOP USDA CERTIFIED),"COMMODITY TOTALS, ORGANIC - SALES, MEASURED IN $","COMMODITY TOTALS, ORGANIC - SALES, MEASURED IN $ - ON OPERATIONS WITH ORGANIC STATUS: (NOP USDA CERTIFIED)",STATE,NEW JERSEY,2011,"6,375,195",34
ECONOMICS,INCOME,COMMODITY TOTALS,$,ORGANIC STATUS,ORGANIC STATUS: (NOP USDA CERTIFIED),"COMMODITY TOTALS, ORGANIC - SALES, MEASURED IN $","COMMODITY TOTALS, ORGANIC - SALES, MEASURED IN $ - ON OPERATIONS WITH ORGANIC STATUS: (NOP USDA CERTIFIED)",STATE,NEW JERSEY,2014,"7,633,000",34
ECONOMICS,INCOME,COMMODITY TOTALS,$,ORGANIC STATUS,ORGANIC STATUS: (NOP USDA CERTIFIED),"COMMODITY TOTALS, ORGANIC - SALES, MEASURED IN $","COMMODITY TOTALS, ORGANIC - SALES, MEASURED IN $ - ON OPERATIONS WITH ORGANIC STATUS: (NOP USDA CERTIFIED)",STATE,NEW JERSEY,2015,"11,274,000",34
ECONOMICS,INCOME,COMMODITY TOTALS,$,ORGANIC STATUS,ORGANIC STATUS: (NOP USDA CERTIFIED),"COMMODITY TOTALS, ORGANIC - SALES, MEASURED IN $","COMMODITY TOTALS, ORGANIC - SALES, MEASURED IN $ - ON OPERATIONS WITH ORGANIC STATUS: (NOP USDA CERTIFIED)",STATE,NEW JERSEY,2016,"8,831,000",34
ECONOMICS,INCOME,COMMODITY TOTALS,$,ORGANIC STATUS,ORGANIC STATUS: (NOP USDA CERTIFIED),"COMMODITY TOTALS, ORGANIC - SALES, MEASURED IN $","COMMODITY TOTALS, ORGANIC - SALES, MEASURED IN $ - ON OPERATIONS WITH ORGANIC STATUS: (NOP USDA CERTIFIED)",STATE,NEW JERSEY,2019,"26,246,000",34
ECONOMICS,INCOME,COMMODITY TOTALS,$,ORGANIC STATUS,ORGANIC STATUS: (NOP USDA CERTIFIED),"COMMODITY TOTALS, ORGANIC - SALES, MEASURED IN $","COMMODITY TOTALS, ORGANIC - SALES, MEASURED IN $ - ON OPERATIONS WITH ORGANIC STATUS: (NOP USDA CERTIFIED)",STATE,NEW MEXICO,2011,"22,185,746",35
ECONOMICS,INCOME,COMMODITY TOTALS,$,ORGANIC STATUS,ORGANIC STATUS: (NOP USDA CERTIFIED),"COMMODITY TOTALS, ORGANIC - SALES, MEASURED IN $","COMMODITY TOTALS, ORGANIC - SALES, MEASURED IN $ - ON OPERATIONS WITH ORGANIC STATUS: (NOP USDA CERTIFIED)",STATE,NEW MEXICO,2014,"21,834,000",35
ECONOMICS,INCOME,COMMODITY TOTALS,$,ORGANIC STATUS,ORGANIC STATUS: (NOP USDA CERTIFIED),"COMMODITY TOTALS, ORGANIC - SALES, MEASURED IN $","COMMODITY TOTALS, ORGANIC - SALES, MEASURED IN $ - ON OPERATIONS WITH ORGANIC STATUS: (NOP USDA CERTIFIED)",STATE,NEW MEXICO,2015,"32,143,000",35
ECONOMICS,INCOME,COMMODITY TOTALS,$,ORGANIC STATUS,ORGANIC STATUS: (NOP USDA CERTIFIED),"COMMODITY TOTALS, ORGANIC - SALES, MEASURED IN $","COMMODITY TOTALS, ORGANIC - SALES, MEASURED IN $ - ON OPERATIONS WITH ORGANIC STATUS: (NOP USDA CERTIFIED)",STATE,NEW MEXICO,2016,"44,979,000",35
ECONOMICS,INCOME,COMMODITY TOTALS,$,ORGANIC STATUS,ORGANIC STATUS: (NOP USDA CERTIFIED),"COMMODITY TOTALS, ORGANIC - SALES, MEASURED IN $","COMMODITY TOTALS, ORGANIC - SALES, MEASURED IN $ - ON OPERATIONS WITH ORGANIC STATUS: (NOP USDA CERTIFIED)",STATE,NEW MEXICO,2019,"70,772,000",35
ECONOMICS,INCOME,COMMODITY TOTALS,$,ORGANIC STATUS,ORGANIC STATUS: (NOP USDA CERTIFIED),"COMMODITY TOTALS, ORGANIC - SALES, MEASURED IN $","COMMODITY TOTALS, ORGANIC - SALES, MEASURED IN $ - ON OPERATIONS WITH ORGANIC STATUS: (NOP USDA CERTIFIED)",STATE,NEW YORK,2011,"106,773,768",36
ECONOMICS,INCOME,COMMODITY TOTALS,$,ORGANIC STATUS,ORGANIC STATUS: (NOP USDA CERTIFIED),"COMMODITY TOTALS, ORGANIC - SALES, MEASURED IN $","COMMODITY TOTALS, ORGANIC - SALES, MEASURED IN $ - ON OPERATIONS WITH ORGANIC STATUS: (NOP USDA CERTIFIED)",STATE,NEW YORK,2014,"163,863,000",36
ECONOMICS,INCOME,COMMODITY TOTALS,$,ORGANIC STATUS,ORGANIC STATUS: (NOP USDA CERTIFIED),"COMMODITY TOTALS, ORGANIC - SALES, MEASURED IN $","COMMODITY TOTALS, ORGANIC - SALES, MEASURED IN $ - ON OPERATIONS WITH ORGANIC STATUS: (NOP USDA CERTIFIED)",STATE,NEW YORK,2015,"220,850,000",36
ECONOMICS,INCOME,COMMODITY TOTALS,$,ORGANIC STATUS,ORGANIC STATUS: (NOP USDA CERTIFIED),"COMMODITY TOTALS, ORGANIC - SALES, MEASURED IN $","COMMODITY TOTALS, ORGANIC - SALES, MEASURED IN $ - ON OPERATIONS WITH ORGANIC STATUS: (NOP USDA CERTIFIED)",STATE,NEW YORK,2016,"215,859,000",36
ECONOMICS,INCOME,COMMODITY TOTALS,$,ORGANIC STATUS,ORGANIC STATUS: (NOP USDA CERTIFIED),"COMMODITY TOTALS, ORGANIC - SALES, MEASURED IN $","COMMODITY TOTALS, ORGANIC - SALES, MEASURED IN $ - ON OPERATIONS WITH ORGANIC STATUS: (NOP USDA CERTIFIED)",STATE,NEW YORK,2019,"298,420,000",36
ECONOMICS,INCOME,COMMODITY TOTALS,$,ORGANIC STATUS,ORGANIC STATUS: (NOP USDA CERTIFIED),"COMMODITY TOTALS, ORGANIC - SALES, MEASURED IN $","COMMODITY TOTALS, ORGANIC - SALES, MEASURED IN $ - ON OPERATIONS WITH ORGANIC STATUS: (NOP USDA CERTIFIED)",STATE,NORTH CAROLINA,2011,"24,141,576",37
ECONOMICS,INCOME,COMMODITY TOTALS,$,ORGANIC STATUS,ORGANIC STATUS: (NOP USDA CERTIFIED),"COMMODITY TOTALS, ORGANIC - SALES, MEASURED IN $","COMMODITY TOTALS, ORGANIC - SALES, MEASURED IN $ - ON OPERATIONS WITH ORGANIC STATUS: (NOP USDA CERTIFIED)",STATE,NORTH CAROLINA,2014,"66,689,000",37
ECONOMICS,INCOME,COMMODITY TOTALS,$,ORGANIC STATUS,ORGANIC STATUS: (NOP USDA CERTIFIED),"COMMODITY TOTALS, ORGANIC - SALES, MEASURED IN $","COMMODITY TOTALS, ORGANIC - SALES, MEASURED IN $ - ON OPERATIONS WITH ORGANIC STATUS: (NOP USDA CERTIFIED)",STATE,NORTH CAROLINA,2015,"82,427,000",37
ECONOMICS,INCOME,COMMODITY TOTALS,$,ORGANIC STATUS,ORGANIC STATUS: (NOP USDA CERTIFIED),"COMMODITY TOTALS, ORGANIC - SALES, MEASURED IN $","COMMODITY TOTALS, ORGANIC - SALES, MEASURED IN $ - ON OPERATIONS WITH ORGANIC STATUS: (NOP USDA CERTIFIED)",STATE,NORTH CAROLINA,2016,"144,917,000",37
ECONOMICS,INCOME,COMMODITY TOTALS,$,ORGANIC STATUS,ORGANIC STATUS: (NOP USDA CERTIFIED),"COMMODITY TOTALS, ORGANIC - SALES, MEASURED IN $","COMMODITY TOTALS, ORGANIC - SALES, MEASURED IN $ - ON OPERATIONS WITH ORGANIC STATUS: (NOP USDA CERTIFIED)",STATE,NORTH CAROLINA,2019,"369,768,000",37
ECONOMICS,INCOME,COMMODITY TOTALS,$,ORGANIC STATUS,ORGANIC STATUS: (NOP USDA CERTIFIED),"COMMODITY TOTALS, ORGANIC - SALES, MEASURED IN $","COMMODITY TOTALS, ORGANIC - SALES, MEASURED IN $ - ON OPERATIONS WITH ORGANIC STATUS: (NOP USDA CERTIFIED)",STATE,NORTH DAKOTA,2011,"21,297,385",38
ECONOMICS,INCOME,COMMODITY TOTALS,$,ORGANIC STATUS,ORGANIC STATUS: (NOP USDA CERTIFIED),"COMMODITY TOTALS, ORGANIC - SALES, MEASURED IN $","COMMODITY TOTALS, ORGANIC - SALES, MEASURED IN $ - ON OPERATIONS WITH ORGANIC STATUS: (NOP USDA CERTIFIED)",STATE,NORTH DAKOTA,2014,"27,279,000",38
ECONOMICS,INCOME,COMMODITY TOTALS,$,ORGANIC STATUS,ORGANIC STATUS: (NOP USDA CERTIFIED),"COMMODITY TOTALS, ORGANIC - SALES, MEASURED IN $","COMMODITY TOTALS, ORGANIC - SALES, MEASURED IN $ - ON OPERATIONS WITH ORGANIC STATUS: (NOP USDA CERTIFIED)",STATE,NORTH DAKOTA,2015,"21,324,000",38
ECONOMICS,INCOME,COMMODITY TOTALS,$,ORGANIC STATUS,ORGANIC STATUS: (NOP USDA CERTIFIED),"COMMODITY TOTALS, ORGANIC - SALES, MEASURED IN $","COMMODITY TOTALS, ORGANIC - SALES, MEASURED IN $ - ON OPERATIONS WITH ORGANIC STATUS: (NOP USDA CERTIFIED)",STATE,NORTH DAKOTA,2016,"22,741,000",38
ECONOMICS,INCOME,COMMODITY TOTALS,$,ORGANIC STATUS,ORGANIC STATUS: (NOP USDA CERTIFIED),"COMMODITY TOTALS, ORGANIC - SALES, MEASURED IN $","COMMODITY TOTALS, ORGANIC - SALES, MEASURED IN $ - ON OPERATIONS WITH ORGANIC STATUS: (NOP USDA CERTIFIED)",STATE,NORTH DAKOTA,2019,"26,598,000",38
ECONOMICS,INCOME,COMMODITY TOTALS,$,ORGANIC STATUS,ORGANIC STATUS: (NOP USDA CERTIFIED),"COMMODITY TOTALS, ORGANIC - SALES, MEASURED IN $","COMMODITY TOTALS, ORGANIC - SALES, MEASURED IN $ - ON OPERATIONS WITH ORGANIC STATUS: (NOP USDA CERTIFIED)",STATE,OHIO,2011,"56,310,433",39
ECONOMICS,INCOME,COMMODITY TOTALS,$,ORGANIC STATUS,ORGANIC STATUS: (NOP USDA CERTIFIED),"COMMODITY TOTALS, ORGANIC - SALES, MEASURED IN $","COMMODITY TOTALS, ORGANIC - SALES, MEASURED IN $ - ON OPERATIONS WITH ORGANIC STATUS: (NOP USDA CERTIFIED)",STATE,OHIO,2014,"88,730,000",39
ECONOMICS,INCOME,COMMODITY TOTALS,$,ORGANIC STATUS,ORGANIC STATUS: (NOP USDA CERTIFIED),"COMMODITY TOTALS, ORGANIC - SALES, MEASURED IN $","COMMODITY TOTALS, ORGANIC - SALES, MEASURED IN $ - ON OPERATIONS WITH ORGANIC STATUS: (NOP USDA CERTIFIED)",STATE,OHIO,2015,"77,014,000",39
ECONOMICS,INCOME,COMMODITY TOTALS,$,ORGANIC STATUS,ORGANIC STATUS: (NOP USDA CERTIFIED),"COMMODITY TOTALS, ORGANIC - SALES, MEASURED IN $","COMMODITY TOTALS, ORGANIC - SALES, MEASURED IN $ - ON OPERATIONS WITH ORGANIC STATUS: (NOP USDA CERTIFIED)",STATE,OHIO,2016,"101,242,000",39
ECONOMICS,INCOME,COMMODITY TOTALS,$,ORGANIC STATUS,ORGANIC STATUS: (NOP USDA CERTIFIED),"COMMODITY TOTALS, ORGANIC - SALES, MEASURED IN $","COMMODITY TOTALS, ORGANIC - SALES, MEASURED IN $ - ON OPERATIONS WITH ORGANIC STATUS: (NOP USDA CERTIFIED)",STATE,OHIO,2019,"116,999,000",39
ECONOMICS,INCOME,COMMODITY TOTALS,$,ORGANIC STATUS,ORGANIC STATUS: (NOP USDA CERTIFIED),"COMMODITY TOTALS, ORGANIC - SALES, MEASURED IN $","COMMODITY TOTALS, ORGANIC - SALES, MEASURED IN $ - ON OPERATIONS WITH ORGANIC STATUS: (NOP USDA CERTIFIED)",STATE,OKLAHOMA,2011,"1,338,452",40
ECONOMICS,INCOME,COMMODITY TOTALS,$,ORGANIC STATUS,ORGANIC STATUS: (NOP USDA CERTIFIED),"COMMODITY TOTALS, ORGANIC - SALES, MEASURED IN $","COMMODITY TOTALS, ORGANIC - SALES, MEASURED IN $ - ON OPERATIONS WITH ORGANIC STATUS: (NOP USDA CERTIFIED)",STATE,OKLAHOMA,2014,(D),40
ECONOMICS,INCOME,COMMODITY TOTALS,$,ORGANIC STATUS,ORGANIC STATUS: (NOP USDA CERTIFIED),"COMMODITY TOTALS, ORGANIC - SALES, MEASURED IN $","COMMODITY TOTALS, ORGANIC - SALES, MEASURED IN $ - ON OPERATIONS WITH ORGANIC STATUS: (NOP USDA CERTIFIED)",STATE,OKLAHOMA,2015,"2,073,000",40
ECONOMICS,INCOME,COMMODITY TOTALS,$,ORGANIC STATUS,ORGANIC STATUS: (NOP USDA CERTIFIED),"COMMODITY TOTALS, ORGANIC - SALES, MEASURED IN $","COMMODITY TOTALS, ORGANIC - SALES, MEASURED IN $ - ON OPERATIONS WITH ORGANIC STATUS: (NOP USDA CERTIFIED)",STATE,OKLAHOMA,2016,"4,608,000",40
ECONOMICS,INCOME,COMMODITY TOTALS,$,ORGANIC STATUS,ORGANIC STATUS: (NOP USDA CERTIFIED),"COMMODITY TOTALS, ORGANIC - SALES, MEASURED IN $","COMMODITY TOTALS, ORGANIC - SALES, MEASURED IN $ - ON OPERATIONS WITH ORGANIC STATUS: (NOP USDA CERTIFIED)",STATE,OKLAHOMA,2019,"10,152,000",40
ECONOMICS,INCOME,COMMODITY TOTALS,$,ORGANIC STATUS,ORGANIC STATUS: (NOP USDA CERTIFIED),"COMMODITY TOTALS, ORGANIC - SALES, MEASURED IN $","COMMODITY TOTALS, ORGANIC - SALES, MEASURED IN $ - ON OPERATIONS WITH ORGANIC STATUS: (NOP USDA CERTIFIED)",STATE,OREGON,2011,"233,451,730",41
ECONOMICS,INCOME,COMMODITY TOTALS,$,ORGANIC STATUS,ORGANIC STATUS: (NOP USDA CERTIFIED),"COMMODITY TOTALS, ORGANIC - SALES, MEASURED IN $","COMMODITY TOTALS, ORGANIC - SALES, MEASURED IN $ - ON OPERATIONS WITH ORGANIC STATUS: (NOP USDA CERTIFIED)",STATE,OREGON,2014,"236,865,000",41
ECONOMICS,INCOME,COMMODITY TOTALS,$,ORGANIC STATUS,ORGANIC STATUS: (NOP USDA CERTIFIED),"COMMODITY TOTALS, ORGANIC - SALES, MEASURED IN $","COMMODITY TOTALS, ORGANIC - SALES, MEASURED IN $ - ON OPERATIONS WITH ORGANIC STATUS: (NOP USDA CERTIFIED)",STATE,OREGON,2015,"269,462,000",41
ECONOMICS,INCOME,COMMODITY TOTALS,$,ORGANIC STATUS,ORGANIC STATUS: (NOP USDA CERTIFIED),"COMMODITY TOTALS, ORGANIC - SALES, MEASURED IN $","COMMODITY TOTALS, ORGANIC - SALES, MEASURED IN $ - ON OPERATIONS WITH ORGANIC STATUS: (NOP USDA CERTIFIED)",STATE,OREGON,2016,"350,896,000",41
ECONOMICS,INCOME,COMMODITY TOTALS,$,ORGANIC STATUS,ORGANIC STATUS: (NOP USDA CERTIFIED),"COMMODITY TOTALS, ORGANIC - SALES, MEASURED IN $","COMMODITY TOTALS, ORGANIC - SALES, MEASURED IN $ - ON OPERATIONS WITH ORGANIC STATUS: (NOP USDA CERTIFIED)",STATE,OREGON,2019,"454,406,000",41
ECONOMICS,INCOME,COMMODITY TOTALS,$,ORGANIC STATUS,ORGANIC STATUS: (NOP USDA CERTIFIED),"COMMODITY TOTALS, ORGANIC - SALES, MEASURED IN $","COMMODITY TOTALS, ORGANIC - SALES, MEASURED IN $ - ON OPERATIONS WITH ORGANIC STATUS: (NOP USDA CERTIFIED)",STATE,PENNSYLVANIA,2011,"123,151,742",42
ECONOMICS,INCOME,COMMODITY TOTALS,$,ORGANIC STATUS,ORGANIC STATUS: (NOP USDA CERTIFIED),"COMMODITY TOTALS, ORGANIC - SALES, MEASURED IN $","COMMODITY TOTALS, ORGANIC - SALES, MEASURED IN $ - ON OPERATIONS WITH ORGANIC STATUS: (NOP USDA CERTIFIED)",STATE,PENNSYLVANIA,2014,"313,396,000",42
ECONOMICS,INCOME,COMMODITY TOTALS,$,ORGANIC STATUS,ORGANIC STATUS: (NOP USDA CERTIFIED),"COMMODITY TOTALS, ORGANIC - SALES, MEASURED IN $","COMMODITY TOTALS, ORGANIC - SALES, MEASURED IN $ - ON OPERATIONS WITH ORGANIC STATUS: (NOP USDA CERTIFIED)",STATE,PENNSYLVANIA,2015,"331,503,000",42
ECONOMICS,INCOME,COMMODITY TOTALS,$,ORGANIC STATUS,ORGANIC STATUS: (NOP USDA CERTIFIED),"COMMODITY TOTALS, ORGANIC - SALES, MEASURED IN $","COMMODITY TOTALS, ORGANIC - SALES, MEASURED IN $ - ON OPERATIONS WITH ORGANIC STATUS: (NOP USDA CERTIFIED)",STATE,PENNSYLVANIA,2016,"659,629,000",42
ECONOMICS,INCOME,COMMODITY TOTALS,$,ORGANIC STATUS,ORGANIC STATUS: (NOP USDA CERTIFIED),"COMMODITY TOTALS, ORGANIC - SALES, MEASURED IN $","COMMODITY TOTALS, ORGANIC - SALES, MEASURED IN $ - ON OPERATIONS WITH ORGANIC STATUS: (NOP USDA CERTIFIED)",STATE,PENNSYLVANIA,2019,"741,764,000",42
ECONOMICS,INCOME,COMMODITY TOTALS,$,ORGANIC STATUS,ORGANIC STATUS: (NOP USDA CERTIFIED),"COMMODITY TOTALS, ORGANIC - SALES, MEASURED IN $","COMMODITY TOTALS, ORGANIC - SALES, MEASURED IN $ - ON OPERATIONS WITH ORGANIC STATUS: (NOP USDA CERTIFIED)",STATE,RHODE ISLAND,2011,"306,931",44
ECONOMICS,INCOME,COMMODITY TOTALS,$,ORGANIC STATUS,ORGANIC STATUS: (NOP USDA CERTIFIED),"COMMODITY TOTALS, ORGANIC - SALES, MEASURED IN $","COMMODITY TOTALS, ORGANIC - SALES, MEASURED IN $ - ON OPERATIONS WITH ORGANIC STATUS: (NOP USDA CERTIFIED)",STATE,RHODE ISLAND,2014,(D),44
ECONOMICS,INCOME,COMMODITY TOTALS,$,ORGANIC STATUS,ORGANIC STATUS: (NOP USDA CERTIFIED),"COMMODITY TOTALS, ORGANIC - SALES, MEASURED IN $","COMMODITY TOTALS, ORGANIC - SALES, MEASURED IN $ - ON OPERATIONS WITH ORGANIC STATUS: (NOP USDA CERTIFIED)",STATE,RHODE ISLAND,2015,"474,000",44
ECONOMICS,INCOME,COMMODITY TOTALS,$,ORGANIC STATUS,ORGANIC STATUS: (NOP USDA CERTIFIED),"COMMODITY TOTALS, ORGANIC - SALES, MEASURED IN $","COMMODITY TOTALS, ORGANIC - SALES, MEASURED IN $ - ON OPERATIONS WITH ORGANIC STATUS: (NOP USDA CERTIFIED)",STATE,RHODE ISLAND,2016,"2,275,000",44
ECONOMICS,INCOME,COMMODITY TOTALS,$,ORGANIC STATUS,ORGANIC STATUS: (NOP USDA CERTIFIED),"COMMODITY TOTALS, ORGANIC - SALES, MEASURED IN $","COMMODITY TOTALS, ORGANIC - SALES, MEASURED IN $ - ON OPERATIONS WITH ORGANIC STATUS: (NOP USDA CERTIFIED)",STATE,RHODE ISLAND,2019,"2,179,000",44
ECONOMICS,INCOME,COMMODITY TOTALS,$,ORGANIC STATUS,ORGANIC STATUS: (NOP USDA CERTIFIED),"COMMODITY TOTALS, ORGANIC - SALES, MEASURED IN $","COMMODITY TOTALS, ORGANIC - SALES, MEASURED IN $ - ON OPERATIONS WITH ORGANIC STATUS: (NOP USDA CERTIFIED)",STATE,SOUTH CAROLINA,2011,(D),45
ECONOMICS,INCOME,COMMODITY TOTALS,$,ORGANIC STATUS,ORGANIC STATUS: (NOP USDA CERTIFIED),"COMMODITY TOTALS, ORGANIC - SALES, MEASURED IN $","COMMODITY TOTALS, ORGANIC - SALES, MEASURED IN $ - ON OPERATIONS WITH ORGANIC STATUS: (NOP USDA CERTIFIED)",STATE,SOUTH CAROLINA,2014,(D),45
ECONOMICS,INCOME,COMMODITY TOTALS,$,ORGANIC STATUS,ORGANIC STATUS: (NOP USDA CERTIFIED),"COMMODITY TOTALS, ORGANIC - SALES, MEASURED IN $","COMMODITY TOTALS, ORGANIC - SALES, MEASURED IN $ - ON OPERATIONS WITH ORGANIC STATUS: (NOP USDA CERTIFIED)",STATE,SOUTH CAROLINA,2015,"10,090,000",45
ECONOMICS,INCOME,COMMODITY TOTALS,$,ORGANIC STATUS,ORGANIC STATUS: (NOP USDA CERTIFIED),"COMMODITY TOTALS, ORGANIC - SALES, MEASURED IN $","COMMODITY TOTALS, ORGANIC - SALES, MEASURED IN $ - ON OPERATIONS WITH ORGANIC STATUS: (NOP USDA CERTIFIED)",STATE,SOUTH CAROLINA,2016,"11,553,000",45
ECONOMICS,INCOME,COMMODITY TOTALS,$,ORGANIC STATUS,ORGANIC STATUS: (NOP USDA CERTIFIED),"COMMODITY TOTALS, ORGANIC - SALES, MEASURED IN $","COMMODITY TOTALS, ORGANIC - SALES, MEASURED IN $ - ON OPERATIONS WITH ORGANIC STATUS: (NOP USDA CERTIFIED)",STATE,SOUTH CAROLINA,2019,"21,680,000",45
ECONOMICS,INCOME,COMMODITY TOTALS,$,ORGANIC STATUS,ORGANIC STATUS: (NOP USDA CERTIFIED),"COMMODITY TOTALS, ORGANIC - SALES, MEASURED IN $","COMMODITY TOTALS, ORGANIC - SALES, MEASURED IN $ - ON OPERATIONS WITH ORGANIC STATUS: (NOP USDA CERTIFIED)",STATE,SOUTH DAKOTA,2011,"11,400,445",46
ECONOMICS,INCOME,COMMODITY TOTALS,$,ORGANIC STATUS,ORGANIC STATUS: (NOP USDA CERTIFIED),"COMMODITY TOTALS, ORGANIC - SALES, MEASURED IN $","COMMODITY TOTALS, ORGANIC - SALES, MEASURED IN $ - ON OPERATIONS WITH ORGANIC STATUS: (NOP USDA CERTIFIED)",STATE,SOUTH DAKOTA,2014,(D),46
ECONOMICS,INCOME,COMMODITY TOTALS,$,ORGANIC STATUS,ORGANIC STATUS: (NOP USDA CERTIFIED),"COMMODITY TOTALS, ORGANIC - SALES, MEASURED IN $","COMMODITY TOTALS, ORGANIC - SALES, MEASURED IN $ - ON OPERATIONS WITH ORGANIC STATUS: (NOP USDA CERTIFIED)",STATE,SOUTH DAKOTA,2015,"17,471,000",46
ECONOMICS,INCOME,COMMODITY TOTALS,$,ORGANIC STATUS,ORGANIC STATUS: (NOP USDA CERTIFIED),"COMMODITY TOTALS, ORGANIC - SALES, MEASURED IN $","COMMODITY TOTALS, ORGANIC - SALES, MEASURED IN $ - ON OPERATIONS WITH ORGANIC STATUS: (NOP USDA CERTIFIED)",STATE,SOUTH DAKOTA,2016,"17,320,000",46
ECONOMICS,INCOME,COMMODITY TOTALS,$,ORGANIC STATUS,ORGANIC STATUS: (NOP USDA CERTIFIED),"COMMODITY TOTALS, ORGANIC - SALES, MEASURED IN $","COMMODITY TOTALS, ORGANIC - SALES, MEASURED IN $ - ON OPERATIONS WITH ORGANIC STATUS: (NOP USDA CERTIFIED)",STATE,SOUTH DAKOTA,2019,"14,420,000",46
ECONOMICS,INCOME,COMMODITY TOTALS,$,ORGANIC STATUS,ORGANIC STATUS: (NOP USDA CERTIFIED),"COMMODITY TOTALS, ORGANIC - SALES, MEASURED IN $","COMMODITY TOTALS, ORGANIC - SALES, MEASURED IN $ - ON OPERATIONS WITH ORGANIC STATUS: (NOP USDA CERTIFIED)",STATE,TENNESSEE,2011,(D),47
ECONOMICS,INCOME,COMMODITY TOTALS,$,ORGANIC STATUS,ORGANIC STATUS: (NOP USDA CERTIFIED),"COMMODITY TOTALS, ORGANIC - SALES, MEASURED IN $","COMMODITY TOTALS, ORGANIC - SALES, MEASURED IN $ - ON OPERATIONS WITH ORGANIC STATUS: (NOP USDA CERTIFIED)",STATE,TENNESSEE,2014,"3,969,000",47
ECONOMICS,INCOME,COMMODITY TOTALS,$,ORGANIC STATUS,ORGANIC STATUS: (NOP USDA CERTIFIED),"COMMODITY TOTALS, ORGANIC - SALES, MEASURED IN $","COMMODITY TOTALS, ORGANIC - SALES, MEASURED IN $ - ON OPERATIONS WITH ORGANIC STATUS: (NOP USDA CERTIFIED)",STATE,TENNESSEE,2015,"4,688,000",47
ECONOMICS,INCOME,COMMODITY TOTALS,$,ORGANIC STATUS,ORGANIC STATUS: (NOP USDA CERTIFIED),"COMMODITY TOTALS, ORGANIC - SALES, MEASURED IN $","COMMODITY TOTALS, ORGANIC - SALES, MEASURED IN $ - ON OPERATIONS WITH ORGANIC STATUS: (NOP USDA CERTIFIED)",STATE,TENNESSEE,2016,"5,614,000",47
ECONOMICS,INCOME,COMMODITY TOTALS,$,ORGANIC STATUS,ORGANIC STATUS: (NOP USDA CERTIFIED),"COMMODITY TOTALS, ORGANIC - SALES, MEASURED IN $","COMMODITY TOTALS, ORGANIC - SALES, MEASURED IN $ - ON OPERATIONS WITH ORGANIC STATUS: (NOP USDA CERTIFIED)",STATE,TENNESSEE,2019,"9,031,000",47
ECONOMICS,INCOME,COMMODITY TOTALS,$,ORGANIC STATUS,ORGANIC STATUS: (NOP USDA CERTIFIED),"COMMODITY TOTALS, ORGANIC - SALES, MEASURED IN $","COMMODITY TOTALS, ORGANIC - SALES, MEASURED IN $ - ON OPERATIONS WITH ORGANIC STATUS: (NOP USDA CERTIFIED)",STATE,TEXAS,2011,"165,498,925",48
ECONOMICS,INCOME,COMMODITY TOTALS,$,ORGANIC STATUS,ORGANIC STATUS: (NOP USDA CERTIFIED),"COMMODITY TOTALS, ORGANIC - SALES, MEASURED IN $","COMMODITY TOTALS, ORGANIC - SALES, MEASURED IN $ - ON OPERATIONS WITH ORGANIC STATUS: (NOP USDA CERTIFIED)",STATE,TEXAS,2014,"198,829,000",48
ECONOMICS,INCOME,COMMODITY TOTALS,$,ORGANIC STATUS,ORGANIC STATUS: (NOP USDA CERTIFIED),"COMMODITY TOTALS, ORGANIC - SALES, MEASURED IN $","COMMODITY TOTALS, ORGANIC - SALES, MEASURED IN $ - ON OPERATIONS WITH ORGANIC STATUS: (NOP USDA CERTIFIED)",STATE,TEXAS,2015,"210,293,000",48
ECONOMICS,INCOME,COMMODITY TOTALS,$,ORGANIC STATUS,ORGANIC STATUS: (NOP USDA CERTIFIED),"COMMODITY TOTALS, ORGANIC - SALES, MEASURED IN $","COMMODITY TOTALS, ORGANIC - SALES, MEASURED IN $ - ON OPERATIONS WITH ORGANIC STATUS: (NOP USDA CERTIFIED)",STATE,TEXAS,2016,"297,484,000",48
ECONOMICS,INCOME,COMMODITY TOTALS,$,ORGANIC STATUS,ORGANIC STATUS: (NOP USDA CERTIFIED),"COMMODITY TOTALS, ORGANIC - SALES, MEASURED IN $","COMMODITY TOTALS, ORGANIC - SALES, MEASURED IN $ - ON OPERATIONS WITH ORGANIC STATUS: (NOP USDA CERTIFIED)",STATE,TEXAS,2019,"424,303,000",48
ECONOMICS,INCOME,COMMODITY TOTALS,$,ORGANIC STATUS,ORGANIC STATUS: (NOP USDA CERTIFIED),"COMMODITY TOTALS, ORGANIC - SALES, MEASURED IN $","COMMODITY TOTALS, ORGANIC - SALES, MEASURED IN $ - ON OPERATIONS WITH ORGANIC STATUS: (NOP USDA CERTIFIED)",STATE,UTAH,2011,"11,225,137",49
ECONOMICS,INCOME,COMMODITY TOTALS,$,ORGANIC STATUS,ORGANIC STATUS: (NOP USDA CERTIFIED),"COMMODITY TOTALS, ORGANIC - SALES, MEASURED IN $","COMMODITY TOTALS, ORGANIC - SALES, MEASURED IN $ - ON OPERATIONS WITH ORGANIC STATUS: (NOP USDA CERTIFIED)",STATE,UTAH,2014,"18,458,000",49
ECONOMICS,INCOME,COMMODITY TOTALS,$,ORGANIC STATUS,ORGANIC STATUS: (NOP USDA CERTIFIED),"COMMODITY TOTALS, ORGANIC - SALES, MEASURED IN $","COMMODITY TOTALS, ORGANIC - SALES, MEASURED IN $ - ON OPERATIONS WITH ORGANIC STATUS: (NOP USDA CERTIFIED)",STATE,UTAH,2015,"28,314,000",49
ECONOMICS,INCOME,COMMODITY TOTALS,$,ORGANIC STATUS,ORGANIC STATUS: (NOP USDA CERTIFIED),"COMMODITY TOTALS, ORGANIC - SALES, MEASURED IN $","COMMODITY TOTALS, ORGANIC - SALES, MEASURED IN $ - ON OPERATIONS WITH ORGANIC STATUS: (NOP USDA CERTIFIED)",STATE,UTAH,2016,"26,118,000",49
ECONOMICS,INCOME,COMMODITY TOTALS,$,ORGANIC STATUS,ORGANIC STATUS: (NOP USDA CERTIFIED),"COMMODITY TOTALS, ORGANIC - SALES, MEASURED IN $","COMMODITY TOTALS, ORGANIC - SALES, MEASURED IN $ - ON OPERATIONS WITH ORGANIC STATUS: (NOP USDA CERTIFIED)",STATE,UTAH,2019,"26,903,000",49
ECONOMICS,INCOME,COMMODITY TOTALS,$,ORGANIC STATUS,ORGANIC STATUS: (NOP USDA CERTIFIED),"COMMODITY TOTALS, ORGANIC - SALES, MEASURED IN $","COMMODITY TOTALS, ORGANIC - SALES, MEASURED IN $ - ON OPERATIONS WITH ORGANIC STATUS: (NOP USDA CERTIFIED)",STATE,VERMONT,2011,"65,767,819",50
ECONOMICS,INCOME,COMMODITY TOTALS,$,ORGANIC STATUS,ORGANIC STATUS: (NOP USDA CERTIFIED),"COMMODITY TOTALS, ORGANIC - SALES, MEASURED IN $","COMMODITY TOTALS, ORGANIC - SALES, MEASURED IN $ - ON OPERATIONS WITH ORGANIC STATUS: (NOP USDA CERTIFIED)",STATE,VERMONT,2014,"93,784,000",50
ECONOMICS,INCOME,COMMODITY TOTALS,$,ORGANIC STATUS,ORGANIC STATUS: (NOP USDA CERTIFIED),"COMMODITY TOTALS, ORGANIC - SALES, MEASURED IN $","COMMODITY TOTALS, ORGANIC - SALES, MEASURED IN $ - ON OPERATIONS WITH ORGANIC STATUS: (NOP USDA CERTIFIED)",STATE,VERMONT,2015,"108,687,000",50
ECONOMICS,INCOME,COMMODITY TOTALS,$,ORGANIC STATUS,ORGANIC STATUS: (NOP USDA CERTIFIED),"COMMODITY TOTALS, ORGANIC - SALES, MEASURED IN $","COMMODITY TOTALS, ORGANIC - SALES, MEASURED IN $ - ON OPERATIONS WITH ORGANIC STATUS: (NOP USDA CERTIFIED)",STATE,VERMONT,2016,"127,054,000",50
ECONOMICS,INCOME,COMMODITY TOTALS,$,ORGANIC STATUS,ORGANIC STATUS: (NOP USDA CERTIFIED),"COMMODITY TOTALS, ORGANIC - SALES, MEASURED IN $","COMMODITY TOTALS, ORGANIC - SALES, MEASURED IN $ - ON OPERATIONS WITH ORGANIC STATUS: (NOP USDA CERTIFIED)",STATE,VERMONT,2019,"159,742,000",50
ECONOMICS,INCOME,COMMODITY TOTALS,$,ORGANIC STATUS,ORGANIC STATUS: (NOP USDA CERTIFIED),"COMMODITY TOTALS, ORGANIC - SALES, MEASURED IN $","COMMODITY TOTALS, ORGANIC - SALES, MEASURED IN $ - ON OPERATIONS WITH ORGANIC STATUS: (NOP USDA CERTIFIED)",STATE,VIRGINIA,2011,"21,356,726",51
ECONOMICS,INCOME,COMMODITY TOTALS,$,ORGANIC STATUS,ORGANIC STATUS: (NOP USDA CERTIFIED),"COMMODITY TOTALS, ORGANIC - SALES, MEASURED IN $","COMMODITY TOTALS, ORGANIC - SALES, MEASURED IN $ - ON OPERATIONS WITH ORGANIC STATUS: (NOP USDA CERTIFIED)",STATE,VIRGINIA,2014,"41,244,000",51
ECONOMICS,INCOME,COMMODITY TOTALS,$,ORGANIC STATUS,ORGANIC STATUS: (NOP USDA CERTIFIED),"COMMODITY TOTALS, ORGANIC - SALES, MEASURED IN $","COMMODITY TOTALS, ORGANIC - SALES, MEASURED IN $ - ON OPERATIONS WITH ORGANIC STATUS: (NOP USDA CERTIFIED)",STATE,VIRGINIA,2015,"46,096,000",51
ECONOMICS,INCOME,COMMODITY TOTALS,$,ORGANIC STATUS,ORGANIC STATUS: (NOP USDA CERTIFIED),"COMMODITY TOTALS, ORGANIC - SALES, MEASURED IN $","COMMODITY TOTALS, ORGANIC - SALES, MEASURED IN $ - ON OPERATIONS WITH ORGANIC STATUS: (NOP USDA CERTIFIED)",STATE,VIRGINIA,2016,"55,914,000",51
ECONOMICS,INCOME,COMMODITY TOTALS,$,ORGANIC STATUS,ORGANIC STATUS: (NOP USDA CERTIFIED),"COMMODITY TOTALS, ORGANIC - SALES, MEASURED IN $","COMMODITY TOTALS, ORGANIC - SALES, MEASURED IN $ - ON OPERATIONS WITH ORGANIC STATUS: (NOP USDA CERTIFIED)",STATE,VIRGINIA,2019,"62,791,000",51
ECONOMICS,INCOME,COMMODITY TOTALS,$,ORGANIC STATUS,ORGANIC STATUS: (NOP USDA CERTIFIED),"COMMODITY TOTALS, ORGANIC - SALES, MEASURED IN $","COMMODITY TOTALS, ORGANIC - SALES, MEASURED IN $ - ON OPERATIONS WITH ORGANIC STATUS: (NOP USDA CERTIFIED)",STATE,WASHINGTON,2011,"297,104,171",53
ECONOMICS,INCOME,COMMODITY TOTALS,$,ORGANIC STATUS,ORGANIC STATUS: (NOP USDA CERTIFIED),"COMMODITY TOTALS, ORGANIC - SALES, MEASURED IN $","COMMODITY TOTALS, ORGANIC - SALES, MEASURED IN $ - ON OPERATIONS WITH ORGANIC STATUS: (NOP USDA CERTIFIED)",STATE,WASHINGTON,2014,"514,615,000",53
ECONOMICS,INCOME,COMMODITY TOTALS,$,ORGANIC STATUS,ORGANIC STATUS: (NOP USDA CERTIFIED),"COMMODITY TOTALS, ORGANIC - SALES, MEASURED IN $","COMMODITY TOTALS, ORGANIC - SALES, MEASURED IN $ - ON OPERATIONS WITH ORGANIC STATUS: (NOP USDA CERTIFIED)",STATE,WASHINGTON,2015,"626,445,000",53
ECONOMICS,INCOME,COMMODITY TOTALS,$,ORGANIC STATUS,ORGANIC STATUS: (NOP USDA CERTIFIED),"COMMODITY TOTALS, ORGANIC - SALES, MEASURED IN $","COMMODITY TOTALS, ORGANIC - SALES, MEASURED IN $ - ON OPERATIONS WITH ORGANIC STATUS: (NOP USDA CERTIFIED)",STATE,WASHINGTON,2016,"636,245,000",53
ECONOMICS,INCOME,COMMODITY TOTALS,$,ORGANIC STATUS,ORGANIC STATUS: (NOP USDA CERTIFIED),"COMMODITY TOTALS, ORGANIC - SALES, MEASURED IN $","COMMODITY TOTALS, ORGANIC - SALES, MEASURED IN $ - ON OPERATIONS WITH ORGANIC STATUS: (NOP USDA CERTIFIED)",STATE,WASHINGTON,2019,"885,970,000",53
ECONOMICS,INCOME,COMMODITY TOTALS,$,ORGANIC STATUS,ORGANIC STATUS: (NOP USDA CERTIFIED),"COMMODITY TOTALS, ORGANIC - SALES, MEASURED IN $","COMMODITY TOTALS, ORGANIC - SALES, MEASURED IN $ - ON OPERATIONS WITH ORGANIC STATUS: (NOP USDA CERTIFIED)",STATE,WEST VIRGINIA,2011,"135,228",54
ECONOMICS,INCOME,COMMODITY TOTALS,$,ORGANIC STATUS,ORGANIC STATUS: (NOP USDA CERTIFIED),"COMMODITY TOTALS, ORGANIC - SALES, MEASURED IN $","COMMODITY TOTALS, ORGANIC - SALES, MEASURED IN $ - ON OPERATIONS WITH ORGANIC STATUS: (NOP USDA CERTIFIED)",STATE,WEST VIRGINIA,2014,(D),54
ECONOMICS,INCOME,COMMODITY TOTALS,$,ORGANIC STATUS,ORGANIC STATUS: (NOP USDA CERTIFIED),"COMMODITY TOTALS, ORGANIC - SALES, MEASURED IN $","COMMODITY TOTALS, ORGANIC - SALES, MEASURED IN $ - ON OPERATIONS WITH ORGANIC STATUS: (NOP USDA CERTIFIED)",STATE,WEST VIRGINIA,2015,"3,861,000",54
ECONOMICS,INCOME,COMMODITY TOTALS,$,ORGANIC STATUS,ORGANIC STATUS: (NOP USDA CERTIFIED),"COMMODITY TOTALS, ORGANIC - SALES, MEASURED IN $","COMMODITY TOTALS, ORGANIC - SALES, MEASURED IN $ - ON OPERATIONS WITH ORGANIC STATUS: (NOP USDA CERTIFIED)",STATE,WEST VIRGINIA,2016,"2,025,000",54
ECONOMICS,INCOME,COMMODITY TOTALS,$,ORGANIC STATUS,ORGANIC STATUS: (NOP USDA CERTIFIED),"COMMODITY TOTALS, ORGANIC - SALES, MEASURED IN $","COMMODITY TOTALS, ORGANIC - SALES, MEASURED IN $ - ON OPERATIONS WITH ORGANIC STATUS: (NOP USDA CERTIFIED)",STATE,WEST VIRGINIA,2019,"13,354,000",54
ECONOMICS,INCOME,COMMODITY TOTALS,$,ORGANIC STATUS,ORGANIC STATUS: (NOP USDA CERTIFIED),"COMMODITY TOTALS, ORGANIC - SALES, MEASURED IN $","COMMODITY TOTALS, ORGANIC - SALES, MEASURED IN $ - ON OPERATIONS WITH ORGANIC STATUS: (NOP USDA CERTIFIED)",STATE,WISCONSIN,2011,"132,457,344",55
ECONOMICS,INCOME,COMMODITY TOTALS,$,ORGANIC STATUS,ORGANIC STATUS: (NOP USDA CERTIFIED),"COMMODITY TOTALS, ORGANIC - SALES, MEASURED IN $","COMMODITY TOTALS, ORGANIC - SALES, MEASURED IN $ - ON OPERATIONS WITH ORGANIC STATUS: (NOP USDA CERTIFIED)",STATE,WISCONSIN,2014,"200,420,000",55
ECONOMICS,INCOME,COMMODITY TOTALS,$,ORGANIC STATUS,ORGANIC STATUS: (NOP USDA CERTIFIED),"COMMODITY TOTALS, ORGANIC - SALES, MEASURED IN $","COMMODITY TOTALS, ORGANIC - SALES, MEASURED IN $ - ON OPERATIONS WITH ORGANIC STATUS: (NOP USDA CERTIFIED)",STATE,WISCONSIN,2015,"222,429,000",55
ECONOMICS,INCOME,COMMODITY TOTALS,$,ORGANIC STATUS,ORGANIC STATUS: (NOP USDA CERTIFIED),"COMMODITY TOTALS, ORGANIC - SALES, MEASURED IN $","COMMODITY TOTALS, ORGANIC - SALES, MEASURED IN $ - ON OPERATIONS WITH ORGANIC STATUS: (NOP USDA CERTIFIED)",STATE,WISCONSIN,2016,"255,450,000",55
ECONOMICS,INCOME,COMMODITY TOTALS,$,ORGANIC STATUS,ORGANIC STATUS: (NOP USDA CERTIFIED),"COMMODITY TOTALS, ORGANIC - SALES, MEASURED IN $","COMMODITY TOTALS, ORGANIC - SALES, MEASURED IN $ - ON OPERATIONS WITH ORGANIC STATUS: (NOP USDA CERTIFIED)",STATE,WISCONSIN,2019,"268,921,000",55
ECONOMICS,INCOME,COMMODITY TOTALS,$,ORGANIC STATUS,ORGANIC STATUS: (NOP USDA CERTIFIED),"COMMODITY TOTALS, ORGANIC - SALES, MEASURED IN $","COMMODITY TOTALS, ORGANIC - SALES, MEASURED IN $ - ON OPERATIONS WITH ORGANIC STATUS: (NOP USDA CERTIFIED)",STATE,WYOMING,2011,"17,954,849",56
ECONOMICS,INCOME,COMMODITY TOTALS,$,ORGANIC STATUS,ORGANIC STATUS: (NOP USDA CERTIFIED),"COMMODITY TOTALS, ORGANIC - SALES, MEASURED IN $","COMMODITY TOTALS, ORGANIC - SALES, MEASURED IN $ - ON OPERATIONS WITH ORGANIC STATUS: (NOP USDA CERTIFIED)",STATE,WYOMING,2014,"16,713,000",56
ECONOMICS,INCOME,COMMODITY TOTALS,$,ORGANIC STATUS,ORGANIC STATUS: (NOP USDA CERTIFIED),"COMMODITY TOTALS, ORGANIC - SALES, MEASURED IN $","COMMODITY TOTALS, ORGANIC - SALES, MEASURED IN $ - ON OPERATIONS WITH ORGANIC STATUS: (NOP USDA CERTIFIED)",STATE,WYOMING,2015,"16,658,000",56
ECONOMICS,INCOME,COMMODITY TOTALS,$,ORGANIC STATUS,ORGANIC STATUS: (NOP USDA CERTIFIED),"COMMODITY TOTALS, ORGANIC - SALES, MEASURED IN $","COMMODITY TOTALS, ORGANIC - SALES, MEASURED IN $ - ON OPERATIONS WITH ORGANIC STATUS: (NOP USDA CERTIFIED)",STATE,WYOMING,2016,"15,062,000",56
ECONOMICS,INCOME,COMMODITY TOTALS,$,ORGANIC STATUS,ORGANIC STATUS: (NOP USDA CERTIFIED),"COMMODITY TOTALS, ORGANIC - SALES, MEASURED IN $","COMMODITY TOTALS, ORGANIC - SALES, MEASURED IN $ - ON OPERATIONS WITH ORGANIC STATUS: (NOP USDA CERTIFIED)",STATE,WYOMING,2019,"15,639,000",56
ECONOMICS,INCOME,COMMODITY TOTALS,$,ORGANIC STATUS,ORGANIC STATUS: (NOP USDA CERTIFIED),"COMMODITY TOTALS, ORGANIC - SALES, MEASURED IN $","COMMODITY TOTALS, ORGANIC - SALES, MEASURED IN $ - ON OPERATIONS WITH ORGANIC STATUS: (NOP USDA CERTIFIED)",NATIONAL,US TOTAL,2011,"3,531,806,410",
ECONOMICS,INCOME,COMMODITY TOTALS,$,ORGANIC STATUS,ORGANIC STATUS: (NOP USDA CERTIFIED),"COMMODITY TOTALS, ORGANIC - SALES, MEASURED IN $","COMMODITY TOTALS, ORGANIC - SALES, MEASURED IN $ - ON OPERATIONS WITH ORGANIC STATUS: (NOP USDA CERTIFIED)",NATIONAL,US TOTAL,2014,"5,451,377,000",
ECONOMICS,INCOME,COMMODITY TOTALS,$,ORGANIC STATUS,ORGANIC STATUS: (NOP USDA CERTIFIED),"COMMODITY TOTALS, ORGANIC - SALES, MEASURED IN $","COMMODITY TOTALS, ORGANIC - SALES, MEASURED IN $ - ON OPERATIONS WITH ORGANIC STATUS: (NOP USDA CERTIFIED)",NATIONAL,US TOTAL,2015,"6,163,472,000",
ECONOMICS,INCOME,COMMODITY TOTALS,$,ORGANIC STATUS,ORGANIC STATUS: (NOP USDA CERTIFIED),"COMMODITY TOTALS, ORGANIC - SALES, MEASURED IN $","COMMODITY TOTALS, ORGANIC - SALES, MEASURED IN $ - ON OPERATIONS WITH ORGANIC STATUS: (NOP USDA CERTIFIED)",NATIONAL,US TOTAL,2016,"7,553,872,000",
ECONOMICS,INCOME,COMMODITY TOTALS,$,ORGANIC STATUS,ORGANIC STATUS: (NOP USDA CERTIFIED),"COMMODITY TOTALS, ORGANIC - SALES, MEASURED IN $","COMMODITY TOTALS, ORGANIC - SALES, MEASURED IN $ - ON OPERATIONS WITH ORGANIC STATUS: (NOP USDA CERTIFIED)",NATIONAL,US TOTAL,2019,"9,925,911,000",
