Commodity Desc,Unit Desc,Domain Desc,Domaincat Desc,Short Desc,Long Desc,Agg Level Desc,State Name,Year,Published Estimate,State Ansi
AG LAND,OPERATIONS,ORGANIC STATUS,ORGANIC STATUS: (NOP USDA CERTIFIED),"AG LAND, ORGANIC - NUMBER OF OPERATIONS","AG LAND, ORGANIC - NUMBER OF OPERATIONS - WHERE ORGANIC STATUS: (NOP USDA CERTIFIED)",STATE,ALABAMA,2011,3,1
AG LAND,OPERATIONS,ORGANIC STATUS,ORGANIC STATUS: (NOP USDA CERTIFIED),"AG LAND, ORGANIC - NUMBER OF OPERATIONS","AG LAND, ORGANIC - NUMBER OF OPERATIONS - WHERE ORGANIC STATUS: (NOP USDA CERTIFIED)",STATE,ALABAMA,2014,15,1
AG LAND,OPERATIONS,ORGANIC STATUS,ORGANIC STATUS: (NOP USDA CERTIFIED),"AG LAND, ORGANIC - NUMBER OF OPERATIONS","AG LAND, ORGANIC - NUMBER OF OPERATIONS - WHERE ORGANIC STATUS: (NOP USDA CERTIFIED)",STATE,ALABAMA,2015,22,1
AG LAND,OPERATIONS,ORGANIC STATUS,ORGANIC STATUS: (NOP USDA CERTIFIED),"AG LAND, ORGANIC - NUMBER OF OPERATIONS","AG LAND, ORGANIC - NUMBER OF OPERATIONS - WHERE ORGANIC STATUS: (NOP USDA CERTIFIED)",STATE,ALABAMA,2016,18,1
AG LAND,OPERATIONS,ORGANIC STATUS,ORGANIC STATUS: (NOP USDA CERTIFIED),"AG LAND, ORGANIC - NUMBER OF OPERATIONS","AG LAND, ORGANIC - NUMBER OF OPERATIONS - WHERE ORGANIC STATUS: (NOP USDA CERTIFIED)",STATE,ALABAMA,2019,11,1
AG LAND,OPERATIONS,ORGANIC STATUS,ORGANIC STATUS: (NOP USDA CERTIFIED),"AG LAND, ORGANIC - NUMBER OF OPERATIONS","AG LAND, ORGANIC - NUMBER OF OPERATIONS - WHERE ORGANIC STATUS: (NOP USDA CERTIFIED)",STATE,ALASKA,2011,4,2
AG LAND,OPERATIONS,ORGANIC STATUS,ORGANIC STATUS: (NOP USDA CERTIFIED),"AG LAND, ORGANIC - NUMBER OF OPERATIONS","AG LAND, ORGANIC - NUMBER OF OPERATIONS - WHERE ORGANIC STATUS: (NOP USDA CERTIFIED)",STATE,ALASKA,2014,7,2
AG LAND,OPERATIONS,ORGANIC STATUS,ORGANIC STATUS: (NOP USDA CERTIFIED),"AG LAND, ORGANIC - NUMBER OF OPERATIONS","AG LAND, ORGANIC - NUMBER OF OPERATIONS - WHERE ORGANIC STATUS: (NOP USDA CERTIFIED)",STATE,ALASKA,2015,4,2
AG LAND,OPERATIONS,ORGANIC STATUS,ORGANIC STATUS: (NOP USDA CERTIFIED),"AG LAND, ORGANIC - NUMBER OF OPERATIONS","AG LAND, ORGANIC - NUMBER OF OPERATIONS - WHERE ORGANIC STATUS: (NOP USDA CERTIFIED)",STATE,ALASKA,2016,8,2
AG LAND,OPERATIONS,ORGANIC STATUS,ORGANIC STATUS: (NOP USDA CERTIFIED),"AG LAND, ORGANIC - NUMBER OF OPERATIONS","AG LAND, ORGANIC - NUMBER OF OPERATIONS - WHERE ORGANIC STATUS: (NOP USDA CERTIFIED)",STATE,ALASKA,2019,8,2
AG LAND,OPERATIONS,ORGANIC STATUS,ORGANIC STATUS: (NOP USDA CERTIFIED),"AG LAND, ORGANIC - NUMBER OF OPERATIONS","AG LAND, ORGANIC - NUMBER OF OPERATIONS - WHERE ORGANIC STATUS: (NOP USDA CERTIFIED)",STATE,ARIZONA,2011,29,4
AG LAND,OPERATIONS,ORGANIC STATUS,ORGANIC STATUS: (NOP USDA CERTIFIED),"AG LAND, ORGANIC - NUMBER OF OPERATIONS","AG LAND, ORGANIC - NUMBER OF OPERATIONS - WHERE ORGANIC STATUS: (NOP USDA CERTIFIED)",STATE,ARIZONA,2014,61,4
AG LAND,OPERATIONS,ORGANIC STATUS,ORGANIC STATUS: (NOP USDA CERTIFIED),"AG LAND, ORGANIC - NUMBER OF OPERATIONS","AG LAND, ORGANIC - NUMBER OF OPERATIONS - WHERE ORGANIC STATUS: (NOP USDA CERTIFIED)",STATE,ARIZONA,2015,48,4
AG LAND,OPERATIONS,ORGANIC STATUS,ORGANIC STATUS: (NOP USDA CERTIFIED),"AG LAND, ORGANIC - NUMBER OF OPERATIONS","AG LAND, ORGANIC - NUMBER OF OPERATIONS - WHERE ORGANIC STATUS: (NOP USDA CERTIFIED)",STATE,ARIZONA,2016,38,4
AG LAND,OPERATIONS,ORGANIC STATUS,ORGANIC STATUS: (NOP USDA CERTIFIED),"AG LAND, ORGANIC - NUMBER OF OPERATIONS","AG LAND, ORGANIC - NUMBER OF OPERATIONS - WHERE ORGANIC STATUS: (NOP USDA CERTIFIED)",STATE,ARIZONA,2019,62,4
AG LAND,OPERATIONS,ORGANIC STATUS,ORGANIC STATUS: (NOP USDA CERTIFIED),"AG LAND, ORGANIC - NUMBER OF OPERATIONS","AG LAND, ORGANIC - NUMBER OF OPERATIONS - WHERE ORGANIC STATUS: (NOP USDA CERTIFIED)",STATE,ARKANSAS,2011,10,5
AG LAND,OPERATIONS,ORGANIC STATUS,ORGANIC STATUS: (NOP USDA CERTIFIED),"AG LAND, ORGANIC - NUMBER OF OPERATIONS","AG LAND, ORGANIC - NUMBER OF OPERATIONS - WHERE ORGANIC STATUS: (NOP USDA CERTIFIED)",STATE,ARKANSAS,2014,26,5
AG LAND,OPERATIONS,ORGANIC STATUS,ORGANIC STATUS: (NOP USDA CERTIFIED),"AG LAND, ORGANIC - NUMBER OF OPERATIONS","AG LAND, ORGANIC - NUMBER OF OPERATIONS - WHERE ORGANIC STATUS: (NOP USDA CERTIFIED)",STATE,ARKANSAS,2015,32,5
AG LAND,OPERATIONS,ORGANIC STATUS,ORGANIC STATUS: (NOP USDA CERTIFIED),"AG LAND, ORGANIC - NUMBER OF OPERATIONS","AG LAND, ORGANIC - NUMBER OF OPERATIONS - WHERE ORGANIC STATUS: (NOP USDA CERTIFIED)",STATE,ARKANSAS,2016,64,5
AG LAND,OPERATIONS,ORGANIC STATUS,ORGANIC STATUS: (NOP USDA CERTIFIED),"AG LAND, ORGANIC - NUMBER OF OPERATIONS","AG LAND, ORGANIC - NUMBER OF OPERATIONS - WHERE ORGANIC STATUS: (NOP USDA CERTIFIED)",STATE,ARKANSAS,2019,67,5
AG LAND,OPERATIONS,ORGANIC STATUS,ORGANIC STATUS: (NOP USDA CERTIFIED),"AG LAND, ORGANIC - NUMBER OF OPERATIONS","AG LAND, ORGANIC - NUMBER OF OPERATIONS - WHERE ORGANIC STATUS: (NOP USDA CERTIFIED)",STATE,CALIFORNIA,2011,"1,884",6
AG LAND,OPERATIONS,ORGANIC STATUS,ORGANIC STATUS: (NOP USDA CERTIFIED),"AG LAND, ORGANIC - NUMBER OF OPERATIONS","AG LAND, ORGANIC - NUMBER OF OPERATIONS - WHERE ORGANIC STATUS: (NOP USDA CERTIFIED)",STATE,CALIFORNIA,2014,"2,632",6
AG LAND,OPERATIONS,ORGANIC STATUS,ORGANIC STATUS: (NOP USDA CERTIFIED),"AG LAND, ORGANIC - NUMBER OF OPERATIONS","AG LAND, ORGANIC - NUMBER OF OPERATIONS - WHERE ORGANIC STATUS: (NOP USDA CERTIFIED)",STATE,CALIFORNIA,2015,"2,635",6
AG LAND,OPERATIONS,ORGANIC STATUS,ORGANIC STATUS: (NOP USDA CERTIFIED),"AG LAND, ORGANIC - NUMBER OF OPERATIONS","AG LAND, ORGANIC - NUMBER OF OPERATIONS - WHERE ORGANIC STATUS: (NOP USDA CERTIFIED)",STATE,CALIFORNIA,2016,"2,713",6
AG LAND,OPERATIONS,ORGANIC STATUS,ORGANIC STATUS: (NOP USDA CERTIFIED),"AG LAND, ORGANIC - NUMBER OF OPERATIONS","AG LAND, ORGANIC - NUMBER OF OPERATIONS - WHERE ORGANIC STATUS: (NOP USDA CERTIFIED)",STATE,CALIFORNIA,2019,"3,012",6
AG LAND,OPERATIONS,ORGANIC STATUS,ORGANIC STATUS: (NOP USDA CERTIFIED),"AG LAND, ORGANIC - NUMBER OF OPERATIONS","AG LAND, ORGANIC - NUMBER OF OPERATIONS - WHERE ORGANIC STATUS: (NOP USDA CERTIFIED)",STATE,COLORADO,2011,117,8
AG LAND,OPERATIONS,ORGANIC STATUS,ORGANIC STATUS: (NOP USDA CERTIFIED),"AG LAND, ORGANIC - NUMBER OF OPERATIONS","AG LAND, ORGANIC - NUMBER OF OPERATIONS - WHERE ORGANIC STATUS: (NOP USDA CERTIFIED)",STATE,COLORADO,2014,134,8
AG LAND,OPERATIONS,ORGANIC STATUS,ORGANIC STATUS: (NOP USDA CERTIFIED),"AG LAND, ORGANIC - NUMBER OF OPERATIONS","AG LAND, ORGANIC - NUMBER OF OPERATIONS - WHERE ORGANIC STATUS: (NOP USDA CERTIFIED)",STATE,COLORADO,2015,133,8
AG LAND,OPERATIONS,ORGANIC STATUS,ORGANIC STATUS: (NOP USDA CERTIFIED),"AG LAND, ORGANIC - NUMBER OF OPERATIONS","AG LAND, ORGANIC - NUMBER OF OPERATIONS - WHERE ORGANIC STATUS: (NOP USDA CERTIFIED)",STATE,COLORADO,2016,181,8
AG LAND,OPERATIONS,ORGANIC STATUS,ORGANIC STATUS: (NOP USDA CERTIFIED),"AG LAND, ORGANIC - NUMBER OF OPERATIONS","AG LAND, ORGANIC - NUMBER OF OPERATIONS - WHERE ORGANIC STATUS: (NOP USDA CERTIFIED)",STATE,COLORADO,2019,238,8
AG LAND,OPERATIONS,ORGANIC STATUS,ORGANIC STATUS: (NOP USDA CERTIFIED),"AG LAND, ORGANIC - NUMBER OF OPERATIONS","AG LAND, ORGANIC - NUMBER OF OPERATIONS - WHERE ORGANIC STATUS: (NOP USDA CERTIFIED)",STATE,CONNECTICUT,2011,35,9
AG LAND,OPERATIONS,ORGANIC STATUS,ORGANIC STATUS: (NOP USDA CERTIFIED),"AG LAND, ORGANIC - NUMBER OF OPERATIONS","AG LAND, ORGANIC - NUMBER OF OPERATIONS - WHERE ORGANIC STATUS: (NOP USDA CERTIFIED)",STATE,CONNECTICUT,2014,78,9
AG LAND,OPERATIONS,ORGANIC STATUS,ORGANIC STATUS: (NOP USDA CERTIFIED),"AG LAND, ORGANIC - NUMBER OF OPERATIONS","AG LAND, ORGANIC - NUMBER OF OPERATIONS - WHERE ORGANIC STATUS: (NOP USDA CERTIFIED)",STATE,CONNECTICUT,2015,59,9
AG LAND,OPERATIONS,ORGANIC STATUS,ORGANIC STATUS: (NOP USDA CERTIFIED),"AG LAND, ORGANIC - NUMBER OF OPERATIONS","AG LAND, ORGANIC - NUMBER OF OPERATIONS - WHERE ORGANIC STATUS: (NOP USDA CERTIFIED)",STATE,CONNECTICUT,2016,57,9
AG LAND,OPERATIONS,ORGANIC STATUS,ORGANIC STATUS: (NOP USDA CERTIFIED),"AG LAND, ORGANIC - NUMBER OF OPERATIONS","AG LAND, ORGANIC - NUMBER OF OPERATIONS - WHERE ORGANIC STATUS: (NOP USDA CERTIFIED)",STATE,CONNECTICUT,2019,63,9
AG LAND,OPERATIONS,ORGANIC STATUS,ORGANIC STATUS: (NOP USDA CERTIFIED),"AG LAND, ORGANIC - NUMBER OF OPERATIONS","AG LAND, ORGANIC - NUMBER OF OPERATIONS - WHERE ORGANIC STATUS: (NOP USDA CERTIFIED)",STATE,DELAWARE,2011,4,10
AG LAND,OPERATIONS,ORGANIC STATUS,ORGANIC STATUS: (NOP USDA CERTIFIED),"AG LAND, ORGANIC - NUMBER OF OPERATIONS","AG LAND, ORGANIC - NUMBER OF OPERATIONS - WHERE ORGANIC STATUS: (NOP USDA CERTIFIED)",STATE,DELAWARE,2014,6,10
AG LAND,OPERATIONS,ORGANIC STATUS,ORGANIC STATUS: (NOP USDA CERTIFIED),"AG LAND, ORGANIC - NUMBER OF OPERATIONS","AG LAND, ORGANIC - NUMBER OF OPERATIONS - WHERE ORGANIC STATUS: (NOP USDA CERTIFIED)",STATE,DELAWARE,2015,3,10
AG LAND,OPERATIONS,ORGANIC STATUS,ORGANIC STATUS: (NOP USDA CERTIFIED),"AG LAND, ORGANIC - NUMBER OF OPERATIONS","AG LAND, ORGANIC - NUMBER OF OPERATIONS - WHERE ORGANIC STATUS: (NOP USDA CERTIFIED)",STATE,DELAWARE,2016,2,10
AG LAND,OPERATIONS,ORGANIC STATUS,ORGANIC STATUS: (NOP USDA CERTIFIED),"AG LAND, ORGANIC - NUMBER OF OPERATIONS","AG LAND, ORGANIC - NUMBER OF OPERATIONS - WHERE ORGANIC STATUS: (NOP USDA CERTIFIED)",STATE,DELAWARE,2019,12,10
AG LAND,OPERATIONS,ORGANIC STATUS,ORGANIC STATUS: (NOP USDA CERTIFIED),"AG LAND, ORGANIC - NUMBER OF OPERATIONS","AG LAND, ORGANIC - NUMBER OF OPERATIONS - WHERE ORGANIC STATUS: (NOP USDA CERTIFIED)",STATE,FLORIDA,2011,91,12
AG LAND,OPERATIONS,ORGANIC STATUS,ORGANIC STATUS: (NOP USDA CERTIFIED),"AG LAND, ORGANIC - NUMBER OF OPERATIONS","AG LAND, ORGANIC - NUMBER OF OPERATIONS - WHERE ORGANIC STATUS: (NOP USDA CERTIFIED)",STATE,FLORIDA,2014,146,12
AG LAND,OPERATIONS,ORGANIC STATUS,ORGANIC STATUS: (NOP USDA CERTIFIED),"AG LAND, ORGANIC - NUMBER OF OPERATIONS","AG LAND, ORGANIC - NUMBER OF OPERATIONS - WHERE ORGANIC STATUS: (NOP USDA CERTIFIED)",STATE,FLORIDA,2015,159,12
AG LAND,OPERATIONS,ORGANIC STATUS,ORGANIC STATUS: (NOP USDA CERTIFIED),"AG LAND, ORGANIC - NUMBER OF OPERATIONS","AG LAND, ORGANIC - NUMBER OF OPERATIONS - WHERE ORGANIC STATUS: (NOP USDA CERTIFIED)",STATE,FLORIDA,2016,123,12
AG LAND,OPERATIONS,ORGANIC STATUS,ORGANIC STATUS: (NOP USDA CERTIFIED),"AG LAND, ORGANIC - NUMBER OF OPERATIONS","AG LAND, ORGANIC - NUMBER OF OPERATIONS - WHERE ORGANIC STATUS: (NOP USDA CERTIFIED)",STATE,FLORIDA,2019,126,12
AG LAND,OPERATIONS,ORGANIC STATUS,ORGANIC STATUS: (NOP USDA CERTIFIED),"AG LAND, ORGANIC - NUMBER OF OPERATIONS","AG LAND, ORGANIC - NUMBER OF OPERATIONS - WHERE ORGANIC STATUS: (NOP USDA CERTIFIED)",STATE,GEORGIA,2011,39,13
AG LAND,OPERATIONS,ORGANIC STATUS,ORGANIC STATUS: (NOP USDA CERTIFIED),"AG LAND, ORGANIC - NUMBER OF OPERATIONS","AG LAND, ORGANIC - NUMBER OF OPERATIONS - WHERE ORGANIC STATUS: (NOP USDA CERTIFIED)",STATE,GEORGIA,2014,86,13
AG LAND,OPERATIONS,ORGANIC STATUS,ORGANIC STATUS: (NOP USDA CERTIFIED),"AG LAND, ORGANIC - NUMBER OF OPERATIONS","AG LAND, ORGANIC - NUMBER OF OPERATIONS - WHERE ORGANIC STATUS: (NOP USDA CERTIFIED)",STATE,GEORGIA,2015,93,13
AG LAND,OPERATIONS,ORGANIC STATUS,ORGANIC STATUS: (NOP USDA CERTIFIED),"AG LAND, ORGANIC - NUMBER OF OPERATIONS","AG LAND, ORGANIC - NUMBER OF OPERATIONS - WHERE ORGANIC STATUS: (NOP USDA CERTIFIED)",STATE,GEORGIA,2016,83,13
AG LAND,OPERATIONS,ORGANIC STATUS,ORGANIC STATUS: (NOP USDA CERTIFIED),"AG LAND, ORGANIC - NUMBER OF OPERATIONS","AG LAND, ORGANIC - NUMBER OF OPERATIONS - WHERE ORGANIC STATUS: (NOP USDA CERTIFIED)",STATE,GEORGIA,2019,102,13
AG LAND,OPERATIONS,ORGANIC STATUS,ORGANIC STATUS: (NOP USDA CERTIFIED),"AG LAND, ORGANIC - NUMBER OF OPERATIONS","AG LAND, ORGANIC - NUMBER OF OPERATIONS - WHERE ORGANIC STATUS: (NOP USDA CERTIFIED)",STATE,HAWAII,2011,103,15
AG LAND,OPERATIONS,ORGANIC STATUS,ORGANIC STATUS: (NOP USDA CERTIFIED),"AG LAND, ORGANIC - NUMBER OF OPERATIONS","AG LAND, ORGANIC - NUMBER OF OPERATIONS - WHERE ORGANIC STATUS: (NOP USDA CERTIFIED)",STATE,HAWAII,2014,121,15
AG LAND,OPERATIONS,ORGANIC STATUS,ORGANIC STATUS: (NOP USDA CERTIFIED),"AG LAND, ORGANIC - NUMBER OF OPERATIONS","AG LAND, ORGANIC - NUMBER OF OPERATIONS - WHERE ORGANIC STATUS: (NOP USDA CERTIFIED)",STATE,HAWAII,2015,119,15
AG LAND,OPERATIONS,ORGANIC STATUS,ORGANIC STATUS: (NOP USDA CERTIFIED),"AG LAND, ORGANIC - NUMBER OF OPERATIONS","AG LAND, ORGANIC - NUMBER OF OPERATIONS - WHERE ORGANIC STATUS: (NOP USDA CERTIFIED)",STATE,HAWAII,2016,113,15
AG LAND,OPERATIONS,ORGANIC STATUS,ORGANIC STATUS: (NOP USDA CERTIFIED),"AG LAND, ORGANIC - NUMBER OF OPERATIONS","AG LAND, ORGANIC - NUMBER OF OPERATIONS - WHERE ORGANIC STATUS: (NOP USDA CERTIFIED)",STATE,HAWAII,2019,129,15
AG LAND,OPERATIONS,ORGANIC STATUS,ORGANIC STATUS: (NOP USDA CERTIFIED),"AG LAND, ORGANIC - NUMBER OF OPERATIONS","AG LAND, ORGANIC - NUMBER OF OPERATIONS - WHERE ORGANIC STATUS: (NOP USDA CERTIFIED)",STATE,IDAHO,2011,142,16
AG LAND,OPERATIONS,ORGANIC STATUS,ORGANIC STATUS: (NOP USDA CERTIFIED),"AG LAND, ORGANIC - NUMBER OF OPERATIONS","AG LAND, ORGANIC - NUMBER OF OPERATIONS - WHERE ORGANIC STATUS: (NOP USDA CERTIFIED)",STATE,IDAHO,2014,151,16
AG LAND,OPERATIONS,ORGANIC STATUS,ORGANIC STATUS: (NOP USDA CERTIFIED),"AG LAND, ORGANIC - NUMBER OF OPERATIONS","AG LAND, ORGANIC - NUMBER OF OPERATIONS - WHERE ORGANIC STATUS: (NOP USDA CERTIFIED)",STATE,IDAHO,2015,168,16
AG LAND,OPERATIONS,ORGANIC STATUS,ORGANIC STATUS: (NOP USDA CERTIFIED),"AG LAND, ORGANIC - NUMBER OF OPERATIONS","AG LAND, ORGANIC - NUMBER OF OPERATIONS - WHERE ORGANIC STATUS: (NOP USDA CERTIFIED)",STATE,IDAHO,2016,166,16
AG LAND,OPERATIONS,ORGANIC STATUS,ORGANIC STATUS: (NOP USDA CERTIFIED),"AG LAND, ORGANIC - NUMBER OF OPERATIONS","AG LAND, ORGANIC - NUMBER OF OPERATIONS - WHERE ORGANIC STATUS: (NOP USDA CERTIFIED)",STATE,IDAHO,2019,240,16
AG LAND,OPERATIONS,ORGANIC STATUS,ORGANIC STATUS: (NOP USDA CERTIFIED),"AG LAND, ORGANIC - NUMBER OF OPERATIONS","AG LAND, ORGANIC - NUMBER OF OPERATIONS - WHERE ORGANIC STATUS: (NOP USDA CERTIFIED)",STATE,ILLINOIS,2011,135,17
AG LAND,OPERATIONS,ORGANIC STATUS,ORGANIC STATUS: (NOP USDA CERTIFIED),"AG LAND, ORGANIC - NUMBER OF OPERATIONS","AG LAND, ORGANIC - NUMBER OF OPERATIONS - WHERE ORGANIC STATUS: (NOP USDA CERTIFIED)",STATE,ILLINOIS,2014,215,17
AG LAND,OPERATIONS,ORGANIC STATUS,ORGANIC STATUS: (NOP USDA CERTIFIED),"AG LAND, ORGANIC - NUMBER OF OPERATIONS","AG LAND, ORGANIC - NUMBER OF OPERATIONS - WHERE ORGANIC STATUS: (NOP USDA CERTIFIED)",STATE,ILLINOIS,2015,196,17
AG LAND,OPERATIONS,ORGANIC STATUS,ORGANIC STATUS: (NOP USDA CERTIFIED),"AG LAND, ORGANIC - NUMBER OF OPERATIONS","AG LAND, ORGANIC - NUMBER OF OPERATIONS - WHERE ORGANIC STATUS: (NOP USDA CERTIFIED)",STATE,ILLINOIS,2016,205,17
AG LAND,OPERATIONS,ORGANIC STATUS,ORGANIC STATUS: (NOP USDA CERTIFIED),"AG LAND, ORGANIC - NUMBER OF OPERATIONS","AG LAND, ORGANIC - NUMBER OF OPERATIONS - WHERE ORGANIC STATUS: (NOP USDA CERTIFIED)",STATE,ILLINOIS,2019,258,17
AG LAND,OPERATIONS,ORGANIC STATUS,ORGANIC STATUS: (NOP USDA CERTIFIED),"AG LAND, ORGANIC - NUMBER OF OPERATIONS","AG LAND, ORGANIC - NUMBER OF OPERATIONS - WHERE ORGANIC STATUS: (NOP USDA CERTIFIED)",STATE,INDIANA,2011,156,18
AG LAND,OPERATIONS,ORGANIC STATUS,ORGANIC STATUS: (NOP USDA CERTIFIED),"AG LAND, ORGANIC - NUMBER OF OPERATIONS","AG LAND, ORGANIC - NUMBER OF OPERATIONS - WHERE ORGANIC STATUS: (NOP USDA CERTIFIED)",STATE,INDIANA,2014,251,18
AG LAND,OPERATIONS,ORGANIC STATUS,ORGANIC STATUS: (NOP USDA CERTIFIED),"AG LAND, ORGANIC - NUMBER OF OPERATIONS","AG LAND, ORGANIC - NUMBER OF OPERATIONS - WHERE ORGANIC STATUS: (NOP USDA CERTIFIED)",STATE,INDIANA,2015,332,18
AG LAND,OPERATIONS,ORGANIC STATUS,ORGANIC STATUS: (NOP USDA CERTIFIED),"AG LAND, ORGANIC - NUMBER OF OPERATIONS","AG LAND, ORGANIC - NUMBER OF OPERATIONS - WHERE ORGANIC STATUS: (NOP USDA CERTIFIED)",STATE,INDIANA,2016,420,18
AG LAND,OPERATIONS,ORGANIC STATUS,ORGANIC STATUS: (NOP USDA CERTIFIED),"AG LAND, ORGANIC - NUMBER OF OPERATIONS","AG LAND, ORGANIC - NUMBER OF OPERATIONS - WHERE ORGANIC STATUS: (NOP USDA CERTIFIED)",STATE,INDIANA,2019,595,18
AG LAND,OPERATIONS,ORGANIC STATUS,ORGANIC STATUS: (NOP USDA CERTIFIED),"AG LAND, ORGANIC - NUMBER OF OPERATIONS","AG LAND, ORGANIC - NUMBER OF OPERATIONS - WHERE ORGANIC STATUS: (NOP USDA CERTIFIED)",STATE,IOWA,2011,466,19
AG LAND,OPERATIONS,ORGANIC STATUS,ORGANIC STATUS: (NOP USDA CERTIFIED),"AG LAND, ORGANIC - NUMBER OF OPERATIONS","AG LAND, ORGANIC - NUMBER OF OPERATIONS - WHERE ORGANIC STATUS: (NOP USDA CERTIFIED)",STATE,IOWA,2014,583,19
AG LAND,OPERATIONS,ORGANIC STATUS,ORGANIC STATUS: (NOP USDA CERTIFIED),"AG LAND, ORGANIC - NUMBER OF OPERATIONS","AG LAND, ORGANIC - NUMBER OF OPERATIONS - WHERE ORGANIC STATUS: (NOP USDA CERTIFIED)",STATE,IOWA,2015,672,19
AG LAND,OPERATIONS,ORGANIC STATUS,ORGANIC STATUS: (NOP USDA CERTIFIED),"AG LAND, ORGANIC - NUMBER OF OPERATIONS","AG LAND, ORGANIC - NUMBER OF OPERATIONS - WHERE ORGANIC STATUS: (NOP USDA CERTIFIED)",STATE,IOWA,2016,732,19
AG LAND,OPERATIONS,ORGANIC STATUS,ORGANIC STATUS: (NOP USDA CERTIFIED),"AG LAND, ORGANIC - NUMBER OF OPERATIONS","AG LAND, ORGANIC - NUMBER OF OPERATIONS - WHERE ORGANIC STATUS: (NOP USDA CERTIFIED)",STATE,IOWA,2019,779,19
AG LAND,OPERATIONS,ORGANIC STATUS,ORGANIC STATUS: (NOP USDA CERTIFIED),"AG LAND, ORGANIC - NUMBER OF OPERATIONS","AG LAND, ORGANIC - NUMBER OF OPERATIONS - WHERE ORGANIC STATUS: (NOP USDA CERTIFIED)",STATE,KANSAS,2011,64,20
AG LAND,OPERATIONS,ORGANIC STATUS,ORGANIC STATUS: (NOP USDA CERTIFIED),"AG LAND, ORGANIC - NUMBER OF OPERATIONS","AG LAND, ORGANIC - NUMBER OF OPERATIONS - WHERE ORGANIC STATUS: (NOP USDA CERTIFIED)",STATE,KANSAS,2014,77,20
AG LAND,OPERATIONS,ORGANIC STATUS,ORGANIC STATUS: (NOP USDA CERTIFIED),"AG LAND, ORGANIC - NUMBER OF OPERATIONS","AG LAND, ORGANIC - NUMBER OF OPERATIONS - WHERE ORGANIC STATUS: (NOP USDA CERTIFIED)",STATE,KANSAS,2015,80,20
AG LAND,OPERATIONS,ORGANIC STATUS,ORGANIC STATUS: (NOP USDA CERTIFIED),"AG LAND, ORGANIC - NUMBER OF OPERATIONS","AG LAND, ORGANIC - NUMBER OF OPERATIONS - WHERE ORGANIC STATUS: (NOP USDA CERTIFIED)",STATE,KANSAS,2016,86,20
AG LAND,OPERATIONS,ORGANIC STATUS,ORGANIC STATUS: (NOP USDA CERTIFIED),"AG LAND, ORGANIC - NUMBER OF OPERATIONS","AG LAND, ORGANIC - NUMBER OF OPERATIONS - WHERE ORGANIC STATUS: (NOP USDA CERTIFIED)",STATE,KANSAS,2019,110,20
AG LAND,OPERATIONS,ORGANIC STATUS,ORGANIC STATUS: (NOP USDA CERTIFIED),"AG LAND, ORGANIC - NUMBER OF OPERATIONS","AG LAND, ORGANIC - NUMBER OF OPERATIONS - WHERE ORGANIC STATUS: (NOP USDA CERTIFIED)",STATE,KENTUCKY,2011,43,21
AG LAND,OPERATIONS,ORGANIC STATUS,ORGANIC STATUS: (NOP USDA CERTIFIED),"AG LAND, ORGANIC - NUMBER OF OPERATIONS","AG LAND, ORGANIC - NUMBER OF OPERATIONS - WHERE ORGANIC STATUS: (NOP USDA CERTIFIED)",STATE,KENTUCKY,2014,86,21
AG LAND,OPERATIONS,ORGANIC STATUS,ORGANIC STATUS: (NOP USDA CERTIFIED),"AG LAND, ORGANIC - NUMBER OF OPERATIONS","AG LAND, ORGANIC - NUMBER OF OPERATIONS - WHERE ORGANIC STATUS: (NOP USDA CERTIFIED)",STATE,KENTUCKY,2015,86,21
AG LAND,OPERATIONS,ORGANIC STATUS,ORGANIC STATUS: (NOP USDA CERTIFIED),"AG LAND, ORGANIC - NUMBER OF OPERATIONS","AG LAND, ORGANIC - NUMBER OF OPERATIONS - WHERE ORGANIC STATUS: (NOP USDA CERTIFIED)",STATE,KENTUCKY,2016,100,21
AG LAND,OPERATIONS,ORGANIC STATUS,ORGANIC STATUS: (NOP USDA CERTIFIED),"AG LAND, ORGANIC - NUMBER OF OPERATIONS","AG LAND, ORGANIC - NUMBER OF OPERATIONS - WHERE ORGANIC STATUS: (NOP USDA CERTIFIED)",STATE,KENTUCKY,2019,185,21
AG LAND,OPERATIONS,ORGANIC STATUS,ORGANIC STATUS: (NOP USDA CERTIFIED),"AG LAND, ORGANIC - NUMBER OF OPERATIONS","AG LAND, ORGANIC - NUMBER OF OPERATIONS - WHERE ORGANIC STATUS: (NOP USDA CERTIFIED)",STATE,LOUISIANA,2011,15,22
AG LAND,OPERATIONS,ORGANIC STATUS,ORGANIC STATUS: (NOP USDA CERTIFIED),"AG LAND, ORGANIC - NUMBER OF OPERATIONS","AG LAND, ORGANIC - NUMBER OF OPERATIONS - WHERE ORGANIC STATUS: (NOP USDA CERTIFIED)",STATE,LOUISIANA,2014,14,22
AG LAND,OPERATIONS,ORGANIC STATUS,ORGANIC STATUS: (NOP USDA CERTIFIED),"AG LAND, ORGANIC - NUMBER OF OPERATIONS","AG LAND, ORGANIC - NUMBER OF OPERATIONS - WHERE ORGANIC STATUS: (NOP USDA CERTIFIED)",STATE,LOUISIANA,2015,7,22
AG LAND,OPERATIONS,ORGANIC STATUS,ORGANIC STATUS: (NOP USDA CERTIFIED),"AG LAND, ORGANIC - NUMBER OF OPERATIONS","AG LAND, ORGANIC - NUMBER OF OPERATIONS - WHERE ORGANIC STATUS: (NOP USDA CERTIFIED)",STATE,LOUISIANA,2016,21,22
AG LAND,OPERATIONS,ORGANIC STATUS,ORGANIC STATUS: (NOP USDA CERTIFIED),"AG LAND, ORGANIC - NUMBER OF OPERATIONS","AG LAND, ORGANIC - NUMBER OF OPERATIONS - WHERE ORGANIC STATUS: (NOP USDA CERTIFIED)",STATE,LOUISIANA,2019,10,22
AG LAND,OPERATIONS,ORGANIC STATUS,ORGANIC STATUS: (NOP USDA CERTIFIED),"AG LAND, ORGANIC - NUMBER OF OPERATIONS","AG LAND, ORGANIC - NUMBER OF OPERATIONS - WHERE ORGANIC STATUS: (NOP USDA CERTIFIED)",STATE,MAINE,2011,221,23
AG LAND,OPERATIONS,ORGANIC STATUS,ORGANIC STATUS: (NOP USDA CERTIFIED),"AG LAND, ORGANIC - NUMBER OF OPERATIONS","AG LAND, ORGANIC - NUMBER OF OPERATIONS - WHERE ORGANIC STATUS: (NOP USDA CERTIFIED)",STATE,MAINE,2014,444,23
AG LAND,OPERATIONS,ORGANIC STATUS,ORGANIC STATUS: (NOP USDA CERTIFIED),"AG LAND, ORGANIC - NUMBER OF OPERATIONS","AG LAND, ORGANIC - NUMBER OF OPERATIONS - WHERE ORGANIC STATUS: (NOP USDA CERTIFIED)",STATE,MAINE,2015,475,23
AG LAND,OPERATIONS,ORGANIC STATUS,ORGANIC STATUS: (NOP USDA CERTIFIED),"AG LAND, ORGANIC - NUMBER OF OPERATIONS","AG LAND, ORGANIC - NUMBER OF OPERATIONS - WHERE ORGANIC STATUS: (NOP USDA CERTIFIED)",STATE,MAINE,2016,494,23
AG LAND,OPERATIONS,ORGANIC STATUS,ORGANIC STATUS: (NOP USDA CERTIFIED),"AG LAND, ORGANIC - NUMBER OF OPERATIONS","AG LAND, ORGANIC - NUMBER OF OPERATIONS - WHERE ORGANIC STATUS: (NOP USDA CERTIFIED)",STATE,MAINE,2019,456,23
AG LAND,OPERATIONS,ORGANIC STATUS,ORGANIC STATUS: (NOP USDA CERTIFIED),"AG LAND, ORGANIC - NUMBER OF OPERATIONS","AG LAND, ORGANIC - NUMBER OF OPERATIONS - WHERE ORGANIC STATUS: (NOP USDA CERTIFIED)",STATE,MARYLAND,2011,72,24
AG LAND,OPERATIONS,ORGANIC STATUS,ORGANIC STATUS: (NOP USDA CERTIFIED),"AG LAND, ORGANIC - NUMBER OF OPERATIONS","AG LAND, ORGANIC - NUMBER OF OPERATIONS - WHERE ORGANIC STATUS: (NOP USDA CERTIFIED)",STATE,MARYLAND,2014,110,24
AG LAND,OPERATIONS,ORGANIC STATUS,ORGANIC STATUS: (NOP USDA CERTIFIED),"AG LAND, ORGANIC - NUMBER OF OPERATIONS","AG LAND, ORGANIC - NUMBER OF OPERATIONS - WHERE ORGANIC STATUS: (NOP USDA CERTIFIED)",STATE,MARYLAND,2015,88,24
AG LAND,OPERATIONS,ORGANIC STATUS,ORGANIC STATUS: (NOP USDA CERTIFIED),"AG LAND, ORGANIC - NUMBER OF OPERATIONS","AG LAND, ORGANIC - NUMBER OF OPERATIONS - WHERE ORGANIC STATUS: (NOP USDA CERTIFIED)",STATE,MARYLAND,2016,111,24
AG LAND,OPERATIONS,ORGANIC STATUS,ORGANIC STATUS: (NOP USDA CERTIFIED),"AG LAND, ORGANIC - NUMBER OF OPERATIONS","AG LAND, ORGANIC - NUMBER OF OPERATIONS - WHERE ORGANIC STATUS: (NOP USDA CERTIFIED)",STATE,MARYLAND,2019,120,24
AG LAND,OPERATIONS,ORGANIC STATUS,ORGANIC STATUS: (NOP USDA CERTIFIED),"AG LAND, ORGANIC - NUMBER OF OPERATIONS","AG LAND, ORGANIC - NUMBER OF OPERATIONS - WHERE ORGANIC STATUS: (NOP USDA CERTIFIED)",STATE,MASSACHUSETTS,2011,77,25
AG LAND,OPERATIONS,ORGANIC STATUS,ORGANIC STATUS: (NOP USDA CERTIFIED),"AG LAND, ORGANIC - NUMBER OF OPERATIONS","AG LAND, ORGANIC - NUMBER OF OPERATIONS - WHERE ORGANIC STATUS: (NOP USDA CERTIFIED)",STATE,MASSACHUSETTS,2014,131,25
AG LAND,OPERATIONS,ORGANIC STATUS,ORGANIC STATUS: (NOP USDA CERTIFIED),"AG LAND, ORGANIC - NUMBER OF OPERATIONS","AG LAND, ORGANIC - NUMBER OF OPERATIONS - WHERE ORGANIC STATUS: (NOP USDA CERTIFIED)",STATE,MASSACHUSETTS,2015,130,25
AG LAND,OPERATIONS,ORGANIC STATUS,ORGANIC STATUS: (NOP USDA CERTIFIED),"AG LAND, ORGANIC - NUMBER OF OPERATIONS","AG LAND, ORGANIC - NUMBER OF OPERATIONS - WHERE ORGANIC STATUS: (NOP USDA CERTIFIED)",STATE,MASSACHUSETTS,2016,127,25
AG LAND,OPERATIONS,ORGANIC STATUS,ORGANIC STATUS: (NOP USDA CERTIFIED),"AG LAND, ORGANIC - NUMBER OF OPERATIONS","AG LAND, ORGANIC - NUMBER OF OPERATIONS - WHERE ORGANIC STATUS: (NOP USDA CERTIFIED)",STATE,MASSACHUSETTS,2019,133,25
AG LAND,OPERATIONS,ORGANIC STATUS,ORGANIC STATUS: (NOP USDA CERTIFIED),"AG LAND, ORGANIC - NUMBER OF OPERATIONS","AG LAND, ORGANIC - NUMBER OF OPERATIONS - WHERE ORGANIC STATUS: (NOP USDA CERTIFIED)",STATE,MICHIGAN,2011,219,26
AG LAND,OPERATIONS,ORGANIC STATUS,ORGANIC STATUS: (NOP USDA CERTIFIED),"AG LAND, ORGANIC - NUMBER OF OPERATIONS","AG LAND, ORGANIC - NUMBER OF OPERATIONS - WHERE ORGANIC STATUS: (NOP USDA CERTIFIED)",STATE,MICHIGAN,2014,285,26
AG LAND,OPERATIONS,ORGANIC STATUS,ORGANIC STATUS: (NOP USDA CERTIFIED),"AG LAND, ORGANIC - NUMBER OF OPERATIONS","AG LAND, ORGANIC - NUMBER OF OPERATIONS - WHERE ORGANIC STATUS: (NOP USDA CERTIFIED)",STATE,MICHIGAN,2015,298,26
AG LAND,OPERATIONS,ORGANIC STATUS,ORGANIC STATUS: (NOP USDA CERTIFIED),"AG LAND, ORGANIC - NUMBER OF OPERATIONS","AG LAND, ORGANIC - NUMBER OF OPERATIONS - WHERE ORGANIC STATUS: (NOP USDA CERTIFIED)",STATE,MICHIGAN,2016,402,26
AG LAND,OPERATIONS,ORGANIC STATUS,ORGANIC STATUS: (NOP USDA CERTIFIED),"AG LAND, ORGANIC - NUMBER OF OPERATIONS","AG LAND, ORGANIC - NUMBER OF OPERATIONS - WHERE ORGANIC STATUS: (NOP USDA CERTIFIED)",STATE,MICHIGAN,2019,541,26
AG LAND,OPERATIONS,ORGANIC STATUS,ORGANIC STATUS: (NOP USDA CERTIFIED),"AG LAND, ORGANIC - NUMBER OF OPERATIONS","AG LAND, ORGANIC - NUMBER OF OPERATIONS - WHERE ORGANIC STATUS: (NOP USDA CERTIFIED)",STATE,MINNESOTA,2011,434,27
AG LAND,OPERATIONS,ORGANIC STATUS,ORGANIC STATUS: (NOP USDA CERTIFIED),"AG LAND, ORGANIC - NUMBER OF OPERATIONS","AG LAND, ORGANIC - NUMBER OF OPERATIONS - WHERE ORGANIC STATUS: (NOP USDA CERTIFIED)",STATE,MINNESOTA,2014,472,27
AG LAND,OPERATIONS,ORGANIC STATUS,ORGANIC STATUS: (NOP USDA CERTIFIED),"AG LAND, ORGANIC - NUMBER OF OPERATIONS","AG LAND, ORGANIC - NUMBER OF OPERATIONS - WHERE ORGANIC STATUS: (NOP USDA CERTIFIED)",STATE,MINNESOTA,2015,431,27
AG LAND,OPERATIONS,ORGANIC STATUS,ORGANIC STATUS: (NOP USDA CERTIFIED),"AG LAND, ORGANIC - NUMBER OF OPERATIONS","AG LAND, ORGANIC - NUMBER OF OPERATIONS - WHERE ORGANIC STATUS: (NOP USDA CERTIFIED)",STATE,MINNESOTA,2016,545,27
AG LAND,OPERATIONS,ORGANIC STATUS,ORGANIC STATUS: (NOP USDA CERTIFIED),"AG LAND, ORGANIC - NUMBER OF OPERATIONS","AG LAND, ORGANIC - NUMBER OF OPERATIONS - WHERE ORGANIC STATUS: (NOP USDA CERTIFIED)",STATE,MINNESOTA,2019,635,27
AG LAND,OPERATIONS,ORGANIC STATUS,ORGANIC STATUS: (NOP USDA CERTIFIED),"AG LAND, ORGANIC - NUMBER OF OPERATIONS","AG LAND, ORGANIC - NUMBER OF OPERATIONS - WHERE ORGANIC STATUS: (NOP USDA CERTIFIED)",STATE,MISSISSIPPI,2011,13,28
AG LAND,OPERATIONS,ORGANIC STATUS,ORGANIC STATUS: (NOP USDA CERTIFIED),"AG LAND, ORGANIC - NUMBER OF OPERATIONS","AG LAND, ORGANIC - NUMBER OF OPERATIONS - WHERE ORGANIC STATUS: (NOP USDA CERTIFIED)",STATE,MISSISSIPPI,2014,8,28
AG LAND,OPERATIONS,ORGANIC STATUS,ORGANIC STATUS: (NOP USDA CERTIFIED),"AG LAND, ORGANIC - NUMBER OF OPERATIONS","AG LAND, ORGANIC - NUMBER OF OPERATIONS - WHERE ORGANIC STATUS: (NOP USDA CERTIFIED)",STATE,MISSISSIPPI,2015,12,28
AG LAND,OPERATIONS,ORGANIC STATUS,ORGANIC STATUS: (NOP USDA CERTIFIED),"AG LAND, ORGANIC - NUMBER OF OPERATIONS","AG LAND, ORGANIC - NUMBER OF OPERATIONS - WHERE ORGANIC STATUS: (NOP USDA CERTIFIED)",STATE,MISSISSIPPI,2016,29,28
AG LAND,OPERATIONS,ORGANIC STATUS,ORGANIC STATUS: (NOP USDA CERTIFIED),"AG LAND, ORGANIC - NUMBER OF OPERATIONS","AG LAND, ORGANIC - NUMBER OF OPERATIONS - WHERE ORGANIC STATUS: (NOP USDA CERTIFIED)",STATE,MISSISSIPPI,2019,29,28
AG LAND,OPERATIONS,ORGANIC STATUS,ORGANIC STATUS: (NOP USDA CERTIFIED),"AG LAND, ORGANIC - NUMBER OF OPERATIONS","AG LAND, ORGANIC - NUMBER OF OPERATIONS - WHERE ORGANIC STATUS: (NOP USDA CERTIFIED)",STATE,MISSOURI,2011,96,29
AG LAND,OPERATIONS,ORGANIC STATUS,ORGANIC STATUS: (NOP USDA CERTIFIED),"AG LAND, ORGANIC - NUMBER OF OPERATIONS","AG LAND, ORGANIC - NUMBER OF OPERATIONS - WHERE ORGANIC STATUS: (NOP USDA CERTIFIED)",STATE,MISSOURI,2014,182,29
AG LAND,OPERATIONS,ORGANIC STATUS,ORGANIC STATUS: (NOP USDA CERTIFIED),"AG LAND, ORGANIC - NUMBER OF OPERATIONS","AG LAND, ORGANIC - NUMBER OF OPERATIONS - WHERE ORGANIC STATUS: (NOP USDA CERTIFIED)",STATE,MISSOURI,2015,176,29
AG LAND,OPERATIONS,ORGANIC STATUS,ORGANIC STATUS: (NOP USDA CERTIFIED),"AG LAND, ORGANIC - NUMBER OF OPERATIONS","AG LAND, ORGANIC - NUMBER OF OPERATIONS - WHERE ORGANIC STATUS: (NOP USDA CERTIFIED)",STATE,MISSOURI,2016,302,29
AG LAND,OPERATIONS,ORGANIC STATUS,ORGANIC STATUS: (NOP USDA CERTIFIED),"AG LAND, ORGANIC - NUMBER OF OPERATIONS","AG LAND, ORGANIC - NUMBER OF OPERATIONS - WHERE ORGANIC STATUS: (NOP USDA CERTIFIED)",STATE,MISSOURI,2019,355,29
AG LAND,OPERATIONS,ORGANIC STATUS,ORGANIC STATUS: (NOP USDA CERTIFIED),"AG LAND, ORGANIC - NUMBER OF OPERATIONS","AG LAND, ORGANIC - NUMBER OF OPERATIONS - WHERE ORGANIC STATUS: (NOP USDA CERTIFIED)",STATE,MONTANA,2011,99,30
AG LAND,OPERATIONS,ORGANIC STATUS,ORGANIC STATUS: (NOP USDA CERTIFIED),"AG LAND, ORGANIC - NUMBER OF OPERATIONS","AG LAND, ORGANIC - NUMBER OF OPERATIONS - WHERE ORGANIC STATUS: (NOP USDA CERTIFIED)",STATE,MONTANA,2014,138,30
AG LAND,OPERATIONS,ORGANIC STATUS,ORGANIC STATUS: (NOP USDA CERTIFIED),"AG LAND, ORGANIC - NUMBER OF OPERATIONS","AG LAND, ORGANIC - NUMBER OF OPERATIONS - WHERE ORGANIC STATUS: (NOP USDA CERTIFIED)",STATE,MONTANA,2015,138,30
AG LAND,OPERATIONS,ORGANIC STATUS,ORGANIC STATUS: (NOP USDA CERTIFIED),"AG LAND, ORGANIC - NUMBER OF OPERATIONS","AG LAND, ORGANIC - NUMBER OF OPERATIONS - WHERE ORGANIC STATUS: (NOP USDA CERTIFIED)",STATE,MONTANA,2016,156,30
AG LAND,OPERATIONS,ORGANIC STATUS,ORGANIC STATUS: (NOP USDA CERTIFIED),"AG LAND, ORGANIC - NUMBER OF OPERATIONS","AG LAND, ORGANIC - NUMBER OF OPERATIONS - WHERE ORGANIC STATUS: (NOP USDA CERTIFIED)",STATE,MONTANA,2019,208,30
AG LAND,OPERATIONS,ORGANIC STATUS,ORGANIC STATUS: (NOP USDA CERTIFIED),"AG LAND, ORGANIC - NUMBER OF OPERATIONS","AG LAND, ORGANIC - NUMBER OF OPERATIONS - WHERE ORGANIC STATUS: (NOP USDA CERTIFIED)",STATE,NEBRASKA,2011,127,31
AG LAND,OPERATIONS,ORGANIC STATUS,ORGANIC STATUS: (NOP USDA CERTIFIED),"AG LAND, ORGANIC - NUMBER OF OPERATIONS","AG LAND, ORGANIC - NUMBER OF OPERATIONS - WHERE ORGANIC STATUS: (NOP USDA CERTIFIED)",STATE,NEBRASKA,2014,166,31
AG LAND,OPERATIONS,ORGANIC STATUS,ORGANIC STATUS: (NOP USDA CERTIFIED),"AG LAND, ORGANIC - NUMBER OF OPERATIONS","AG LAND, ORGANIC - NUMBER OF OPERATIONS - WHERE ORGANIC STATUS: (NOP USDA CERTIFIED)",STATE,NEBRASKA,2015,161,31
AG LAND,OPERATIONS,ORGANIC STATUS,ORGANIC STATUS: (NOP USDA CERTIFIED),"AG LAND, ORGANIC - NUMBER OF OPERATIONS","AG LAND, ORGANIC - NUMBER OF OPERATIONS - WHERE ORGANIC STATUS: (NOP USDA CERTIFIED)",STATE,NEBRASKA,2016,162,31
AG LAND,OPERATIONS,ORGANIC STATUS,ORGANIC STATUS: (NOP USDA CERTIFIED),"AG LAND, ORGANIC - NUMBER OF OPERATIONS","AG LAND, ORGANIC - NUMBER OF OPERATIONS - WHERE ORGANIC STATUS: (NOP USDA CERTIFIED)",STATE,NEBRASKA,2019,238,31
AG LAND,OPERATIONS,ORGANIC STATUS,ORGANIC STATUS: (NOP USDA CERTIFIED),"AG LAND, ORGANIC - NUMBER OF OPERATIONS","AG LAND, ORGANIC - NUMBER OF OPERATIONS - WHERE ORGANIC STATUS: (NOP USDA CERTIFIED)",STATE,NEVADA,2011,28,32
AG LAND,OPERATIONS,ORGANIC STATUS,ORGANIC STATUS: (NOP USDA CERTIFIED),"AG LAND, ORGANIC - NUMBER OF OPERATIONS","AG LAND, ORGANIC - NUMBER OF OPERATIONS - WHERE ORGANIC STATUS: (NOP USDA CERTIFIED)",STATE,NEVADA,2014,45,32
AG LAND,OPERATIONS,ORGANIC STATUS,ORGANIC STATUS: (NOP USDA CERTIFIED),"AG LAND, ORGANIC - NUMBER OF OPERATIONS","AG LAND, ORGANIC - NUMBER OF OPERATIONS - WHERE ORGANIC STATUS: (NOP USDA CERTIFIED)",STATE,NEVADA,2015,31,32
AG LAND,OPERATIONS,ORGANIC STATUS,ORGANIC STATUS: (NOP USDA CERTIFIED),"AG LAND, ORGANIC - NUMBER OF OPERATIONS","AG LAND, ORGANIC - NUMBER OF OPERATIONS - WHERE ORGANIC STATUS: (NOP USDA CERTIFIED)",STATE,NEVADA,2016,34,32
AG LAND,OPERATIONS,ORGANIC STATUS,ORGANIC STATUS: (NOP USDA CERTIFIED),"AG LAND, ORGANIC - NUMBER OF OPERATIONS","AG LAND, ORGANIC - NUMBER OF OPERATIONS - WHERE ORGANIC STATUS: (NOP USDA CERTIFIED)",STATE,NEVADA,2019,40,32
AG LAND,OPERATIONS,ORGANIC STATUS,ORGANIC STATUS: (NOP USDA CERTIFIED),"AG LAND, ORGANIC - NUMBER OF OPERATIONS","AG LAND, ORGANIC - NUMBER OF OPERATIONS - WHERE ORGANIC STATUS: (NOP USDA CERTIFIED)",STATE,NEW HAMPSHIRE,2011,74,33
AG LAND,OPERATIONS,ORGANIC STATUS,ORGANIC STATUS: (NOP USDA CERTIFIED),"AG LAND, ORGANIC - NUMBER OF OPERATIONS","AG LAND, ORGANIC - NUMBER OF OPERATIONS - WHERE ORGANIC STATUS: (NOP USDA CERTIFIED)",STATE,NEW HAMPSHIRE,2014,112,33
AG LAND,OPERATIONS,ORGANIC STATUS,ORGANIC STATUS: (NOP USDA CERTIFIED),"AG LAND, ORGANIC - NUMBER OF OPERATIONS","AG LAND, ORGANIC - NUMBER OF OPERATIONS - WHERE ORGANIC STATUS: (NOP USDA CERTIFIED)",STATE,NEW HAMPSHIRE,2015,101,33
AG LAND,OPERATIONS,ORGANIC STATUS,ORGANIC STATUS: (NOP USDA CERTIFIED),"AG LAND, ORGANIC - NUMBER OF OPERATIONS","AG LAND, ORGANIC - NUMBER OF OPERATIONS - WHERE ORGANIC STATUS: (NOP USDA CERTIFIED)",STATE,NEW HAMPSHIRE,2016,107,33
AG LAND,OPERATIONS,ORGANIC STATUS,ORGANIC STATUS: (NOP USDA CERTIFIED),"AG LAND, ORGANIC - NUMBER OF OPERATIONS","AG LAND, ORGANIC - NUMBER OF OPERATIONS - WHERE ORGANIC STATUS: (NOP USDA CERTIFIED)",STATE,NEW HAMPSHIRE,2019,80,33
AG LAND,OPERATIONS,ORGANIC STATUS,ORGANIC STATUS: (NOP USDA CERTIFIED),"AG LAND, ORGANIC - NUMBER OF OPERATIONS","AG LAND, ORGANIC - NUMBER OF OPERATIONS - WHERE ORGANIC STATUS: (NOP USDA CERTIFIED)",STATE,NEW JERSEY,2011,44,34
AG LAND,OPERATIONS,ORGANIC STATUS,ORGANIC STATUS: (NOP USDA CERTIFIED),"AG LAND, ORGANIC - NUMBER OF OPERATIONS","AG LAND, ORGANIC - NUMBER OF OPERATIONS - WHERE ORGANIC STATUS: (NOP USDA CERTIFIED)",STATE,NEW JERSEY,2014,60,34
AG LAND,OPERATIONS,ORGANIC STATUS,ORGANIC STATUS: (NOP USDA CERTIFIED),"AG LAND, ORGANIC - NUMBER OF OPERATIONS","AG LAND, ORGANIC - NUMBER OF OPERATIONS - WHERE ORGANIC STATUS: (NOP USDA CERTIFIED)",STATE,NEW JERSEY,2015,75,34
AG LAND,OPERATIONS,ORGANIC STATUS,ORGANIC STATUS: (NOP USDA CERTIFIED),"AG LAND, ORGANIC - NUMBER OF OPERATIONS","AG LAND, ORGANIC - NUMBER OF OPERATIONS - WHERE ORGANIC STATUS: (NOP USDA CERTIFIED)",STATE,NEW JERSEY,2016,53,34
AG LAND,OPERATIONS,ORGANIC STATUS,ORGANIC STATUS: (NOP USDA CERTIFIED),"AG LAND, ORGANIC - NUMBER OF OPERATIONS","AG LAND, ORGANIC - NUMBER OF OPERATIONS - WHERE ORGANIC STATUS: (NOP USDA CERTIFIED)",STATE,NEW JERSEY,2019,68,34
AG LAND,OPERATIONS,ORGANIC STATUS,ORGANIC STATUS: (NOP USDA CERTIFIED),"AG LAND, ORGANIC - NUMBER OF OPERATIONS","AG LAND, ORGANIC - NUMBER OF OPERATIONS - WHERE ORGANIC STATUS: (NOP USDA CERTIFIED)",STATE,NEW MEXICO,2011,64,35
AG LAND,OPERATIONS,ORGANIC STATUS,ORGANIC STATUS: (NOP USDA CERTIFIED),"AG LAND, ORGANIC - NUMBER OF OPERATIONS","AG LAND, ORGANIC - NUMBER OF OPERATIONS - WHERE ORGANIC STATUS: (NOP USDA CERTIFIED)",STATE,NEW MEXICO,2014,105,35
AG LAND,OPERATIONS,ORGANIC STATUS,ORGANIC STATUS: (NOP USDA CERTIFIED),"AG LAND, ORGANIC - NUMBER OF OPERATIONS","AG LAND, ORGANIC - NUMBER OF OPERATIONS - WHERE ORGANIC STATUS: (NOP USDA CERTIFIED)",STATE,NEW MEXICO,2015,88,35
AG LAND,OPERATIONS,ORGANIC STATUS,ORGANIC STATUS: (NOP USDA CERTIFIED),"AG LAND, ORGANIC - NUMBER OF OPERATIONS","AG LAND, ORGANIC - NUMBER OF OPERATIONS - WHERE ORGANIC STATUS: (NOP USDA CERTIFIED)",STATE,NEW MEXICO,2016,75,35
AG LAND,OPERATIONS,ORGANIC STATUS,ORGANIC STATUS: (NOP USDA CERTIFIED),"AG LAND, ORGANIC - NUMBER OF OPERATIONS","AG LAND, ORGANIC - NUMBER OF OPERATIONS - WHERE ORGANIC STATUS: (NOP USDA CERTIFIED)",STATE,NEW MEXICO,2019,101,35
AG LAND,OPERATIONS,ORGANIC STATUS,ORGANIC STATUS: (NOP USDA CERTIFIED),"AG LAND, ORGANIC - NUMBER OF OPERATIONS","AG LAND, ORGANIC - NUMBER OF OPERATIONS - WHERE ORGANIC STATUS: (NOP USDA CERTIFIED)",STATE,NEW YORK,2011,590,36
AG LAND,OPERATIONS,ORGANIC STATUS,ORGANIC STATUS: (NOP USDA CERTIFIED),"AG LAND, ORGANIC - NUMBER OF OPERATIONS","AG LAND, ORGANIC - NUMBER OF OPERATIONS - WHERE ORGANIC STATUS: (NOP USDA CERTIFIED)",STATE,NEW YORK,2014,855,36
AG LAND,OPERATIONS,ORGANIC STATUS,ORGANIC STATUS: (NOP USDA CERTIFIED),"AG LAND, ORGANIC - NUMBER OF OPERATIONS","AG LAND, ORGANIC - NUMBER OF OPERATIONS - WHERE ORGANIC STATUS: (NOP USDA CERTIFIED)",STATE,NEW YORK,2015,931,36
AG LAND,OPERATIONS,ORGANIC STATUS,ORGANIC STATUS: (NOP USDA CERTIFIED),"AG LAND, ORGANIC - NUMBER OF OPERATIONS","AG LAND, ORGANIC - NUMBER OF OPERATIONS - WHERE ORGANIC STATUS: (NOP USDA CERTIFIED)",STATE,NEW YORK,2016,"1,059",36
AG LAND,OPERATIONS,ORGANIC STATUS,ORGANIC STATUS: (NOP USDA CERTIFIED),"AG LAND, ORGANIC - NUMBER OF OPERATIONS","AG LAND, ORGANIC - NUMBER OF OPERATIONS - WHERE ORGANIC STATUS: (NOP USDA CERTIFIED)",STATE,NEW YORK,2019,"1,321",36
AG LAND,OPERATIONS,ORGANIC STATUS,ORGANIC STATUS: (NOP USDA CERTIFIED),"AG LAND, ORGANIC - NUMBER OF OPERATIONS","AG LAND, ORGANIC - NUMBER OF OPERATIONS - WHERE ORGANIC STATUS: (NOP USDA CERTIFIED)",STATE,NORTH CAROLINA,2011,92,37
AG LAND,OPERATIONS,ORGANIC STATUS,ORGANIC STATUS: (NOP USDA CERTIFIED),"AG LAND, ORGANIC - NUMBER OF OPERATIONS","AG LAND, ORGANIC - NUMBER OF OPERATIONS - WHERE ORGANIC STATUS: (NOP USDA CERTIFIED)",STATE,NORTH CAROLINA,2014,200,37
AG LAND,OPERATIONS,ORGANIC STATUS,ORGANIC STATUS: (NOP USDA CERTIFIED),"AG LAND, ORGANIC - NUMBER OF OPERATIONS","AG LAND, ORGANIC - NUMBER OF OPERATIONS - WHERE ORGANIC STATUS: (NOP USDA CERTIFIED)",STATE,NORTH CAROLINA,2015,203,37
AG LAND,OPERATIONS,ORGANIC STATUS,ORGANIC STATUS: (NOP USDA CERTIFIED),"AG LAND, ORGANIC - NUMBER OF OPERATIONS","AG LAND, ORGANIC - NUMBER OF OPERATIONS - WHERE ORGANIC STATUS: (NOP USDA CERTIFIED)",STATE,NORTH CAROLINA,2016,247,37
AG LAND,OPERATIONS,ORGANIC STATUS,ORGANIC STATUS: (NOP USDA CERTIFIED),"AG LAND, ORGANIC - NUMBER OF OPERATIONS","AG LAND, ORGANIC - NUMBER OF OPERATIONS - WHERE ORGANIC STATUS: (NOP USDA CERTIFIED)",STATE,NORTH CAROLINA,2019,347,37
AG LAND,OPERATIONS,ORGANIC STATUS,ORGANIC STATUS: (NOP USDA CERTIFIED),"AG LAND, ORGANIC - NUMBER OF OPERATIONS","AG LAND, ORGANIC - NUMBER OF OPERATIONS - WHERE ORGANIC STATUS: (NOP USDA CERTIFIED)",STATE,NORTH DAKOTA,2011,112,38
AG LAND,OPERATIONS,ORGANIC STATUS,ORGANIC STATUS: (NOP USDA CERTIFIED),"AG LAND, ORGANIC - NUMBER OF OPERATIONS","AG LAND, ORGANIC - NUMBER OF OPERATIONS - WHERE ORGANIC STATUS: (NOP USDA CERTIFIED)",STATE,NORTH DAKOTA,2014,94,38
AG LAND,OPERATIONS,ORGANIC STATUS,ORGANIC STATUS: (NOP USDA CERTIFIED),"AG LAND, ORGANIC - NUMBER OF OPERATIONS","AG LAND, ORGANIC - NUMBER OF OPERATIONS - WHERE ORGANIC STATUS: (NOP USDA CERTIFIED)",STATE,NORTH DAKOTA,2015,100,38
AG LAND,OPERATIONS,ORGANIC STATUS,ORGANIC STATUS: (NOP USDA CERTIFIED),"AG LAND, ORGANIC - NUMBER OF OPERATIONS","AG LAND, ORGANIC - NUMBER OF OPERATIONS - WHERE ORGANIC STATUS: (NOP USDA CERTIFIED)",STATE,NORTH DAKOTA,2016,114,38
AG LAND,OPERATIONS,ORGANIC STATUS,ORGANIC STATUS: (NOP USDA CERTIFIED),"AG LAND, ORGANIC - NUMBER OF OPERATIONS","AG LAND, ORGANIC - NUMBER OF OPERATIONS - WHERE ORGANIC STATUS: (NOP USDA CERTIFIED)",STATE,NORTH DAKOTA,2019,117,38
AG LAND,OPERATIONS,ORGANIC STATUS,ORGANIC STATUS: (NOP USDA CERTIFIED),"AG LAND, ORGANIC - NUMBER OF OPERATIONS","AG LAND, ORGANIC - NUMBER OF OPERATIONS - WHERE ORGANIC STATUS: (NOP USDA CERTIFIED)",STATE,OHIO,2011,329,39
AG LAND,OPERATIONS,ORGANIC STATUS,ORGANIC STATUS: (NOP USDA CERTIFIED),"AG LAND, ORGANIC - NUMBER OF OPERATIONS","AG LAND, ORGANIC - NUMBER OF OPERATIONS - WHERE ORGANIC STATUS: (NOP USDA CERTIFIED)",STATE,OHIO,2014,489,39
AG LAND,OPERATIONS,ORGANIC STATUS,ORGANIC STATUS: (NOP USDA CERTIFIED),"AG LAND, ORGANIC - NUMBER OF OPERATIONS","AG LAND, ORGANIC - NUMBER OF OPERATIONS - WHERE ORGANIC STATUS: (NOP USDA CERTIFIED)",STATE,OHIO,2015,463,39
AG LAND,OPERATIONS,ORGANIC STATUS,ORGANIC STATUS: (NOP USDA CERTIFIED),"AG LAND, ORGANIC - NUMBER OF OPERATIONS","AG LAND, ORGANIC - NUMBER OF OPERATIONS - WHERE ORGANIC STATUS: (NOP USDA CERTIFIED)",STATE,OHIO,2016,575,39
AG LAND,OPERATIONS,ORGANIC STATUS,ORGANIC STATUS: (NOP USDA CERTIFIED),"AG LAND, ORGANIC - NUMBER OF OPERATIONS","AG LAND, ORGANIC - NUMBER OF OPERATIONS - WHERE ORGANIC STATUS: (NOP USDA CERTIFIED)",STATE,OHIO,2019,785,39
AG LAND,OPERATIONS,ORGANIC STATUS,ORGANIC STATUS: (NOP USDA CERTIFIED),"AG LAND, ORGANIC - NUMBER OF OPERATIONS","AG LAND, ORGANIC - NUMBER OF OPERATIONS - WHERE ORGANIC STATUS: (NOP USDA CERTIFIED)",STATE,OKLAHOMA,2011,29,40
AG LAND,OPERATIONS,ORGANIC STATUS,ORGANIC STATUS: (NOP USDA CERTIFIED),"AG LAND, ORGANIC - NUMBER OF OPERATIONS","AG LAND, ORGANIC - NUMBER OF OPERATIONS - WHERE ORGANIC STATUS: (NOP USDA CERTIFIED)",STATE,OKLAHOMA,2014,35,40
AG LAND,OPERATIONS,ORGANIC STATUS,ORGANIC STATUS: (NOP USDA CERTIFIED),"AG LAND, ORGANIC - NUMBER OF OPERATIONS","AG LAND, ORGANIC - NUMBER OF OPERATIONS - WHERE ORGANIC STATUS: (NOP USDA CERTIFIED)",STATE,OKLAHOMA,2015,23,40
AG LAND,OPERATIONS,ORGANIC STATUS,ORGANIC STATUS: (NOP USDA CERTIFIED),"AG LAND, ORGANIC - NUMBER OF OPERATIONS","AG LAND, ORGANIC - NUMBER OF OPERATIONS - WHERE ORGANIC STATUS: (NOP USDA CERTIFIED)",STATE,OKLAHOMA,2016,34,40
AG LAND,OPERATIONS,ORGANIC STATUS,ORGANIC STATUS: (NOP USDA CERTIFIED),"AG LAND, ORGANIC - NUMBER OF OPERATIONS","AG LAND, ORGANIC - NUMBER OF OPERATIONS - WHERE ORGANIC STATUS: (NOP USDA CERTIFIED)",STATE,OKLAHOMA,2019,34,40
AG LAND,OPERATIONS,ORGANIC STATUS,ORGANIC STATUS: (NOP USDA CERTIFIED),"AG LAND, ORGANIC - NUMBER OF OPERATIONS","AG LAND, ORGANIC - NUMBER OF OPERATIONS - WHERE ORGANIC STATUS: (NOP USDA CERTIFIED)",STATE,OREGON,2011,352,41
AG LAND,OPERATIONS,ORGANIC STATUS,ORGANIC STATUS: (NOP USDA CERTIFIED),"AG LAND, ORGANIC - NUMBER OF OPERATIONS","AG LAND, ORGANIC - NUMBER OF OPERATIONS - WHERE ORGANIC STATUS: (NOP USDA CERTIFIED)",STATE,OREGON,2014,455,41
AG LAND,OPERATIONS,ORGANIC STATUS,ORGANIC STATUS: (NOP USDA CERTIFIED),"AG LAND, ORGANIC - NUMBER OF OPERATIONS","AG LAND, ORGANIC - NUMBER OF OPERATIONS - WHERE ORGANIC STATUS: (NOP USDA CERTIFIED)",STATE,OREGON,2015,409,41
AG LAND,OPERATIONS,ORGANIC STATUS,ORGANIC STATUS: (NOP USDA CERTIFIED),"AG LAND, ORGANIC - NUMBER OF OPERATIONS","AG LAND, ORGANIC - NUMBER OF OPERATIONS - WHERE ORGANIC STATUS: (NOP USDA CERTIFIED)",STATE,OREGON,2016,461,41
AG LAND,OPERATIONS,ORGANIC STATUS,ORGANIC STATUS: (NOP USDA CERTIFIED),"AG LAND, ORGANIC - NUMBER OF OPERATIONS","AG LAND, ORGANIC - NUMBER OF OPERATIONS - WHERE ORGANIC STATUS: (NOP USDA CERTIFIED)",STATE,OREGON,2019,455,41
AG LAND,OPERATIONS,ORGANIC STATUS,ORGANIC STATUS: (NOP USDA CERTIFIED),"AG LAND, ORGANIC - NUMBER OF OPERATIONS","AG LAND, ORGANIC - NUMBER OF OPERATIONS - WHERE ORGANIC STATUS: (NOP USDA CERTIFIED)",STATE,PENNSYLVANIA,2011,435,42
AG LAND,OPERATIONS,ORGANIC STATUS,ORGANIC STATUS: (NOP USDA CERTIFIED),"AG LAND, ORGANIC - NUMBER OF OPERATIONS","AG LAND, ORGANIC - NUMBER OF OPERATIONS - WHERE ORGANIC STATUS: (NOP USDA CERTIFIED)",STATE,PENNSYLVANIA,2014,644,42
AG LAND,OPERATIONS,ORGANIC STATUS,ORGANIC STATUS: (NOP USDA CERTIFIED),"AG LAND, ORGANIC - NUMBER OF OPERATIONS","AG LAND, ORGANIC - NUMBER OF OPERATIONS - WHERE ORGANIC STATUS: (NOP USDA CERTIFIED)",STATE,PENNSYLVANIA,2015,668,42
AG LAND,OPERATIONS,ORGANIC STATUS,ORGANIC STATUS: (NOP USDA CERTIFIED),"AG LAND, ORGANIC - NUMBER OF OPERATIONS","AG LAND, ORGANIC - NUMBER OF OPERATIONS - WHERE ORGANIC STATUS: (NOP USDA CERTIFIED)",STATE,PENNSYLVANIA,2016,781,42
AG LAND,OPERATIONS,ORGANIC STATUS,ORGANIC STATUS: (NOP USDA CERTIFIED),"AG LAND, ORGANIC - NUMBER OF OPERATIONS","AG LAND, ORGANIC - NUMBER OF OPERATIONS - WHERE ORGANIC STATUS: (NOP USDA CERTIFIED)",STATE,PENNSYLVANIA,2019,944,42
AG LAND,OPERATIONS,ORGANIC STATUS,ORGANIC STATUS: (NOP USDA CERTIFIED),"AG LAND, ORGANIC - NUMBER OF OPERATIONS","AG LAND, ORGANIC - NUMBER OF OPERATIONS - WHERE ORGANIC STATUS: (NOP USDA CERTIFIED)",STATE,RHODE ISLAND,2011,17,44
AG LAND,OPERATIONS,ORGANIC STATUS,ORGANIC STATUS: (NOP USDA CERTIFIED),"AG LAND, ORGANIC - NUMBER OF OPERATIONS","AG LAND, ORGANIC - NUMBER OF OPERATIONS - WHERE ORGANIC STATUS: (NOP USDA CERTIFIED)",STATE,RHODE ISLAND,2014,23,44
AG LAND,OPERATIONS,ORGANIC STATUS,ORGANIC STATUS: (NOP USDA CERTIFIED),"AG LAND, ORGANIC - NUMBER OF OPERATIONS","AG LAND, ORGANIC - NUMBER OF OPERATIONS - WHERE ORGANIC STATUS: (NOP USDA CERTIFIED)",STATE,RHODE ISLAND,2015,19,44
AG LAND,OPERATIONS,ORGANIC STATUS,ORGANIC STATUS: (NOP USDA CERTIFIED),"AG LAND, ORGANIC - NUMBER OF OPERATIONS","AG LAND, ORGANIC - NUMBER OF OPERATIONS - WHERE ORGANIC STATUS: (NOP USDA CERTIFIED)",STATE,RHODE ISLAND,2016,25,44
AG LAND,OPERATIONS,ORGANIC STATUS,ORGANIC STATUS: (NOP USDA CERTIFIED),"AG LAND, ORGANIC - NUMBER OF OPERATIONS","AG LAND, ORGANIC - NUMBER OF OPERATIONS - WHERE ORGANIC STATUS: (NOP USDA CERTIFIED)",STATE,RHODE ISLAND,2019,20,44
AG LAND,OPERATIONS,ORGANIC STATUS,ORGANIC STATUS: (NOP USDA CERTIFIED),"AG LAND, ORGANIC - NUMBER OF OPERATIONS","AG LAND, ORGANIC - NUMBER OF OPERATIONS - WHERE ORGANIC STATUS: (NOP USDA CERTIFIED)",STATE,SOUTH CAROLINA,2011,13,45
AG LAND,OPERATIONS,ORGANIC STATUS,ORGANIC STATUS: (NOP USDA CERTIFIED),"AG LAND, ORGANIC - NUMBER OF OPERATIONS","AG LAND, ORGANIC - NUMBER OF OPERATIONS - WHERE ORGANIC STATUS: (NOP USDA CERTIFIED)",STATE,SOUTH CAROLINA,2014,35,45
AG LAND,OPERATIONS,ORGANIC STATUS,ORGANIC STATUS: (NOP USDA CERTIFIED),"AG LAND, ORGANIC - NUMBER OF OPERATIONS","AG LAND, ORGANIC - NUMBER OF OPERATIONS - WHERE ORGANIC STATUS: (NOP USDA CERTIFIED)",STATE,SOUTH CAROLINA,2015,26,45
AG LAND,OPERATIONS,ORGANIC STATUS,ORGANIC STATUS: (NOP USDA CERTIFIED),"AG LAND, ORGANIC - NUMBER OF OPERATIONS","AG LAND, ORGANIC - NUMBER OF OPERATIONS - WHERE ORGANIC STATUS: (NOP USDA CERTIFIED)",STATE,SOUTH CAROLINA,2016,44,45
AG LAND,OPERATIONS,ORGANIC STATUS,ORGANIC STATUS: (NOP USDA CERTIFIED),"AG LAND, ORGANIC - NUMBER OF OPERATIONS","AG LAND, ORGANIC - NUMBER OF OPERATIONS - WHERE ORGANIC STATUS: (NOP USDA CERTIFIED)",STATE,SOUTH CAROLINA,2019,39,45
AG LAND,OPERATIONS,ORGANIC STATUS,ORGANIC STATUS: (NOP USDA CERTIFIED),"AG LAND, ORGANIC - NUMBER OF OPERATIONS","AG LAND, ORGANIC - NUMBER OF OPERATIONS - WHERE ORGANIC STATUS: (NOP USDA CERTIFIED)",STATE,SOUTH DAKOTA,2011,77,46
AG LAND,OPERATIONS,ORGANIC STATUS,ORGANIC STATUS: (NOP USDA CERTIFIED),"AG LAND, ORGANIC - NUMBER OF OPERATIONS","AG LAND, ORGANIC - NUMBER OF OPERATIONS - WHERE ORGANIC STATUS: (NOP USDA CERTIFIED)",STATE,SOUTH DAKOTA,2014,78,46
AG LAND,OPERATIONS,ORGANIC STATUS,ORGANIC STATUS: (NOP USDA CERTIFIED),"AG LAND, ORGANIC - NUMBER OF OPERATIONS","AG LAND, ORGANIC - NUMBER OF OPERATIONS - WHERE ORGANIC STATUS: (NOP USDA CERTIFIED)",STATE,SOUTH DAKOTA,2015,97,46
AG LAND,OPERATIONS,ORGANIC STATUS,ORGANIC STATUS: (NOP USDA CERTIFIED),"AG LAND, ORGANIC - NUMBER OF OPERATIONS","AG LAND, ORGANIC - NUMBER OF OPERATIONS - WHERE ORGANIC STATUS: (NOP USDA CERTIFIED)",STATE,SOUTH DAKOTA,2016,86,46
AG LAND,OPERATIONS,ORGANIC STATUS,ORGANIC STATUS: (NOP USDA CERTIFIED),"AG LAND, ORGANIC - NUMBER OF OPERATIONS","AG LAND, ORGANIC - NUMBER OF OPERATIONS - WHERE ORGANIC STATUS: (NOP USDA CERTIFIED)",STATE,SOUTH DAKOTA,2019,68,46
AG LAND,OPERATIONS,ORGANIC STATUS,ORGANIC STATUS: (NOP USDA CERTIFIED),"AG LAND, ORGANIC - NUMBER OF OPERATIONS","AG LAND, ORGANIC - NUMBER OF OPERATIONS - WHERE ORGANIC STATUS: (NOP USDA CERTIFIED)",STATE,TENNESSEE,2011,17,47
AG LAND,OPERATIONS,ORGANIC STATUS,ORGANIC STATUS: (NOP USDA CERTIFIED),"AG LAND, ORGANIC - NUMBER OF OPERATIONS","AG LAND, ORGANIC - NUMBER OF OPERATIONS - WHERE ORGANIC STATUS: (NOP USDA CERTIFIED)",STATE,TENNESSEE,2014,30,47
AG LAND,OPERATIONS,ORGANIC STATUS,ORGANIC STATUS: (NOP USDA CERTIFIED),"AG LAND, ORGANIC - NUMBER OF OPERATIONS","AG LAND, ORGANIC - NUMBER OF OPERATIONS - WHERE ORGANIC STATUS: (NOP USDA CERTIFIED)",STATE,TENNESSEE,2015,25,47
AG LAND,OPERATIONS,ORGANIC STATUS,ORGANIC STATUS: (NOP USDA CERTIFIED),"AG LAND, ORGANIC - NUMBER OF OPERATIONS","AG LAND, ORGANIC - NUMBER OF OPERATIONS - WHERE ORGANIC STATUS: (NOP USDA CERTIFIED)",STATE,TENNESSEE,2016,38,47
AG LAND,OPERATIONS,ORGANIC STATUS,ORGANIC STATUS: (NOP USDA CERTIFIED),"AG LAND, ORGANIC - NUMBER OF OPERATIONS","AG LAND, ORGANIC - NUMBER OF OPERATIONS - WHERE ORGANIC STATUS: (NOP USDA CERTIFIED)",STATE,TENNESSEE,2019,38,47
AG LAND,OPERATIONS,ORGANIC STATUS,ORGANIC STATUS: (NOP USDA CERTIFIED),"AG LAND, ORGANIC - NUMBER OF OPERATIONS","AG LAND, ORGANIC - NUMBER OF OPERATIONS - WHERE ORGANIC STATUS: (NOP USDA CERTIFIED)",STATE,TEXAS,2011,133,48
AG LAND,OPERATIONS,ORGANIC STATUS,ORGANIC STATUS: (NOP USDA CERTIFIED),"AG LAND, ORGANIC - NUMBER OF OPERATIONS","AG LAND, ORGANIC - NUMBER OF OPERATIONS - WHERE ORGANIC STATUS: (NOP USDA CERTIFIED)",STATE,TEXAS,2014,178,48
AG LAND,OPERATIONS,ORGANIC STATUS,ORGANIC STATUS: (NOP USDA CERTIFIED),"AG LAND, ORGANIC - NUMBER OF OPERATIONS","AG LAND, ORGANIC - NUMBER OF OPERATIONS - WHERE ORGANIC STATUS: (NOP USDA CERTIFIED)",STATE,TEXAS,2015,133,48
AG LAND,OPERATIONS,ORGANIC STATUS,ORGANIC STATUS: (NOP USDA CERTIFIED),"AG LAND, ORGANIC - NUMBER OF OPERATIONS","AG LAND, ORGANIC - NUMBER OF OPERATIONS - WHERE ORGANIC STATUS: (NOP USDA CERTIFIED)",STATE,TEXAS,2016,213,48
AG LAND,OPERATIONS,ORGANIC STATUS,ORGANIC STATUS: (NOP USDA CERTIFIED),"AG LAND, ORGANIC - NUMBER OF OPERATIONS","AG LAND, ORGANIC - NUMBER OF OPERATIONS - WHERE ORGANIC STATUS: (NOP USDA CERTIFIED)",STATE,TEXAS,2019,233,48
AG LAND,OPERATIONS,ORGANIC STATUS,ORGANIC STATUS: (NOP USDA CERTIFIED),"AG LAND, ORGANIC - NUMBER OF OPERATIONS","AG LAND, ORGANIC - NUMBER OF OPERATIONS - WHERE ORGANIC STATUS: (NOP USDA CERTIFIED)",STATE,UTAH,2011,35,49
AG LAND,OPERATIONS,ORGANIC STATUS,ORGANIC STATUS: (NOP USDA CERTIFIED),"AG LAND, ORGANIC - NUMBER OF OPERATIONS","AG LAND, ORGANIC - NUMBER OF OPERATIONS - WHERE ORGANIC STATUS: (NOP USDA CERTIFIED)",STATE,UTAH,2014,59,49
AG LAND,OPERATIONS,ORGANIC STATUS,ORGANIC STATUS: (NOP USDA CERTIFIED),"AG LAND, ORGANIC - NUMBER OF OPERATIONS","AG LAND, ORGANIC - NUMBER OF OPERATIONS - WHERE ORGANIC STATUS: (NOP USDA CERTIFIED)",STATE,UTAH,2015,54,49
AG LAND,OPERATIONS,ORGANIC STATUS,ORGANIC STATUS: (NOP USDA CERTIFIED),"AG LAND, ORGANIC - NUMBER OF OPERATIONS","AG LAND, ORGANIC - NUMBER OF OPERATIONS - WHERE ORGANIC STATUS: (NOP USDA CERTIFIED)",STATE,UTAH,2016,51,49
AG LAND,OPERATIONS,ORGANIC STATUS,ORGANIC STATUS: (NOP USDA CERTIFIED),"AG LAND, ORGANIC - NUMBER OF OPERATIONS","AG LAND, ORGANIC - NUMBER OF OPERATIONS - WHERE ORGANIC STATUS: (NOP USDA CERTIFIED)",STATE,UTAH,2019,48,49
AG LAND,OPERATIONS,ORGANIC STATUS,ORGANIC STATUS: (NOP USDA CERTIFIED),"AG LAND, ORGANIC - NUMBER OF OPERATIONS","AG LAND, ORGANIC - NUMBER OF OPERATIONS - WHERE ORGANIC STATUS: (NOP USDA CERTIFIED)",STATE,VERMONT,2011,373,50
AG LAND,OPERATIONS,ORGANIC STATUS,ORGANIC STATUS: (NOP USDA CERTIFIED),"AG LAND, ORGANIC - NUMBER OF OPERATIONS","AG LAND, ORGANIC - NUMBER OF OPERATIONS - WHERE ORGANIC STATUS: (NOP USDA CERTIFIED)",STATE,VERMONT,2014,506,50
AG LAND,OPERATIONS,ORGANIC STATUS,ORGANIC STATUS: (NOP USDA CERTIFIED),"AG LAND, ORGANIC - NUMBER OF OPERATIONS","AG LAND, ORGANIC - NUMBER OF OPERATIONS - WHERE ORGANIC STATUS: (NOP USDA CERTIFIED)",STATE,VERMONT,2015,568,50
AG LAND,OPERATIONS,ORGANIC STATUS,ORGANIC STATUS: (NOP USDA CERTIFIED),"AG LAND, ORGANIC - NUMBER OF OPERATIONS","AG LAND, ORGANIC - NUMBER OF OPERATIONS - WHERE ORGANIC STATUS: (NOP USDA CERTIFIED)",STATE,VERMONT,2016,550,50
AG LAND,OPERATIONS,ORGANIC STATUS,ORGANIC STATUS: (NOP USDA CERTIFIED),"AG LAND, ORGANIC - NUMBER OF OPERATIONS","AG LAND, ORGANIC - NUMBER OF OPERATIONS - WHERE ORGANIC STATUS: (NOP USDA CERTIFIED)",STATE,VERMONT,2019,655,50
AG LAND,OPERATIONS,ORGANIC STATUS,ORGANIC STATUS: (NOP USDA CERTIFIED),"AG LAND, ORGANIC - NUMBER OF OPERATIONS","AG LAND, ORGANIC - NUMBER OF OPERATIONS - WHERE ORGANIC STATUS: (NOP USDA CERTIFIED)",STATE,VIRGINIA,2011,64,51
AG LAND,OPERATIONS,ORGANIC STATUS,ORGANIC STATUS: (NOP USDA CERTIFIED),"AG LAND, ORGANIC - NUMBER OF OPERATIONS","AG LAND, ORGANIC - NUMBER OF OPERATIONS - WHERE ORGANIC STATUS: (NOP USDA CERTIFIED)",STATE,VIRGINIA,2014,139,51
AG LAND,OPERATIONS,ORGANIC STATUS,ORGANIC STATUS: (NOP USDA CERTIFIED),"AG LAND, ORGANIC - NUMBER OF OPERATIONS","AG LAND, ORGANIC - NUMBER OF OPERATIONS - WHERE ORGANIC STATUS: (NOP USDA CERTIFIED)",STATE,VIRGINIA,2015,136,51
AG LAND,OPERATIONS,ORGANIC STATUS,ORGANIC STATUS: (NOP USDA CERTIFIED),"AG LAND, ORGANIC - NUMBER OF OPERATIONS","AG LAND, ORGANIC - NUMBER OF OPERATIONS - WHERE ORGANIC STATUS: (NOP USDA CERTIFIED)",STATE,VIRGINIA,2016,165,51
AG LAND,OPERATIONS,ORGANIC STATUS,ORGANIC STATUS: (NOP USDA CERTIFIED),"AG LAND, ORGANIC - NUMBER OF OPERATIONS","AG LAND, ORGANIC - NUMBER OF OPERATIONS - WHERE ORGANIC STATUS: (NOP USDA CERTIFIED)",STATE,VIRGINIA,2019,163,51
AG LAND,OPERATIONS,ORGANIC STATUS,ORGANIC STATUS: (NOP USDA CERTIFIED),"AG LAND, ORGANIC - NUMBER OF OPERATIONS","AG LAND, ORGANIC - NUMBER OF OPERATIONS - WHERE ORGANIC STATUS: (NOP USDA CERTIFIED)",STATE,WASHINGTON,2011,491,53
AG LAND,OPERATIONS,ORGANIC STATUS,ORGANIC STATUS: (NOP USDA CERTIFIED),"AG LAND, ORGANIC - NUMBER OF OPERATIONS","AG LAND, ORGANIC - NUMBER OF OPERATIONS - WHERE ORGANIC STATUS: (NOP USDA CERTIFIED)",STATE,WASHINGTON,2014,642,53
AG LAND,OPERATIONS,ORGANIC STATUS,ORGANIC STATUS: (NOP USDA CERTIFIED),"AG LAND, ORGANIC - NUMBER OF OPERATIONS","AG LAND, ORGANIC - NUMBER OF OPERATIONS - WHERE ORGANIC STATUS: (NOP USDA CERTIFIED)",STATE,WASHINGTON,2015,598,53
AG LAND,OPERATIONS,ORGANIC STATUS,ORGANIC STATUS: (NOP USDA CERTIFIED),"AG LAND, ORGANIC - NUMBER OF OPERATIONS","AG LAND, ORGANIC - NUMBER OF OPERATIONS - WHERE ORGANIC STATUS: (NOP USDA CERTIFIED)",STATE,WASHINGTON,2016,677,53
AG LAND,OPERATIONS,ORGANIC STATUS,ORGANIC STATUS: (NOP USDA CERTIFIED),"AG LAND, ORGANIC - NUMBER OF OPERATIONS","AG LAND, ORGANIC - NUMBER OF OPERATIONS - WHERE ORGANIC STATUS: (NOP USDA CERTIFIED)",STATE,WASHINGTON,2019,743,53
AG LAND,OPERATIONS,ORGANIC STATUS,ORGANIC STATUS: (NOP USDA CERTIFIED),"AG LAND, ORGANIC - NUMBER OF OPERATIONS","AG LAND, ORGANIC - NUMBER OF OPERATIONS - WHERE ORGANIC STATUS: (NOP USDA CERTIFIED)",STATE,WEST VIRGINIA,2011,5,54
AG LAND,OPERATIONS,ORGANIC STATUS,ORGANIC STATUS: (NOP USDA CERTIFIED),"AG LAND, ORGANIC - NUMBER OF OPERATIONS","AG LAND, ORGANIC - NUMBER OF OPERATIONS - WHERE ORGANIC STATUS: (NOP USDA CERTIFIED)",STATE,WEST VIRGINIA,2014,9,54
AG LAND,OPERATIONS,ORGANIC STATUS,ORGANIC STATUS: (NOP USDA CERTIFIED),"AG LAND, ORGANIC - NUMBER OF OPERATIONS","AG LAND, ORGANIC - NUMBER OF OPERATIONS - WHERE ORGANIC STATUS: (NOP USDA CERTIFIED)",STATE,WEST VIRGINIA,2015,16,54
AG LAND,OPERATIONS,ORGANIC STATUS,ORGANIC STATUS: (NOP USDA CERTIFIED),"AG LAND, ORGANIC - NUMBER OF OPERATIONS","AG LAND, ORGANIC - NUMBER OF OPERATIONS - WHERE ORGANIC STATUS: (NOP USDA CERTIFIED)",STATE,WEST VIRGINIA,2016,14,54
AG LAND,OPERATIONS,ORGANIC STATUS,ORGANIC STATUS: (NOP USDA CERTIFIED),"AG LAND, ORGANIC - NUMBER OF OPERATIONS","AG LAND, ORGANIC - NUMBER OF OPERATIONS - WHERE ORGANIC STATUS: (NOP USDA CERTIFIED)",STATE,WEST VIRGINIA,2019,27,54
AG LAND,OPERATIONS,ORGANIC STATUS,ORGANIC STATUS: (NOP USDA CERTIFIED),"AG LAND, ORGANIC - NUMBER OF OPERATIONS","AG LAND, ORGANIC - NUMBER OF OPERATIONS - WHERE ORGANIC STATUS: (NOP USDA CERTIFIED)",STATE,WISCONSIN,2011,863,55
AG LAND,OPERATIONS,ORGANIC STATUS,ORGANIC STATUS: (NOP USDA CERTIFIED),"AG LAND, ORGANIC - NUMBER OF OPERATIONS","AG LAND, ORGANIC - NUMBER OF OPERATIONS - WHERE ORGANIC STATUS: (NOP USDA CERTIFIED)",STATE,WISCONSIN,2014,"1,128",55
AG LAND,OPERATIONS,ORGANIC STATUS,ORGANIC STATUS: (NOP USDA CERTIFIED),"AG LAND, ORGANIC - NUMBER OF OPERATIONS","AG LAND, ORGANIC - NUMBER OF OPERATIONS - WHERE ORGANIC STATUS: (NOP USDA CERTIFIED)",STATE,WISCONSIN,2015,"1,204",55
AG LAND,OPERATIONS,ORGANIC STATUS,ORGANIC STATUS: (NOP USDA CERTIFIED),"AG LAND, ORGANIC - NUMBER OF OPERATIONS","AG LAND, ORGANIC - NUMBER OF OPERATIONS - WHERE ORGANIC STATUS: (NOP USDA CERTIFIED)",STATE,WISCONSIN,2016,"1,276",55
AG LAND,OPERATIONS,ORGANIC STATUS,ORGANIC STATUS: (NOP USDA CERTIFIED),"AG LAND, ORGANIC - NUMBER OF OPERATIONS","AG LAND, ORGANIC - NUMBER OF OPERATIONS - WHERE ORGANIC STATUS: (NOP USDA CERTIFIED)",STATE,WISCONSIN,2019,"1,364",55
AG LAND,OPERATIONS,ORGANIC STATUS,ORGANIC STATUS: (NOP USDA CERTIFIED),"AG LAND, ORGANIC - NUMBER OF OPERATIONS","AG LAND, ORGANIC - NUMBER OF OPERATIONS - WHERE ORGANIC STATUS: (NOP USDA CERTIFIED)",STATE,WYOMING,2011,43,56
AG LAND,OPERATIONS,ORGANIC STATUS,ORGANIC STATUS: (NOP USDA CERTIFIED),"AG LAND, ORGANIC - NUMBER OF OPERATIONS","AG LAND, ORGANIC - NUMBER OF OPERATIONS - WHERE ORGANIC STATUS: (NOP USDA CERTIFIED)",STATE,WYOMING,2014,49,56
AG LAND,OPERATIONS,ORGANIC STATUS,ORGANIC STATUS: (NOP USDA CERTIFIED),"AG LAND, ORGANIC - NUMBER OF OPERATIONS","AG LAND, ORGANIC - NUMBER OF OPERATIONS - WHERE ORGANIC STATUS: (NOP USDA CERTIFIED)",STATE,WYOMING,2015,54,56
AG LAND,OPERATIONS,ORGANIC STATUS,ORGANIC STATUS: (NOP USDA CERTIFIED),"AG LAND, ORGANIC - NUMBER OF OPERATIONS","AG LAND, ORGANIC - NUMBER OF OPERATIONS - WHERE ORGANIC STATUS: (NOP USDA CERTIFIED)",STATE,WYOMING,2016,48,56
AG LAND,OPERATIONS,ORGANIC STATUS,ORGANIC STATUS: (NOP USDA CERTIFIED),"AG LAND, ORGANIC - NUMBER OF OPERATIONS","AG LAND, ORGANIC - NUMBER OF OPERATIONS - WHERE ORGANIC STATUS: (NOP USDA CERTIFIED)",STATE,WYOMING,2019,64,56
AG LAND,OPERATIONS,ORGANIC STATUS,ORGANIC STATUS: (NOP USDA CERTIFIED),"AG LAND, ORGANIC - NUMBER OF OPERATIONS","AG LAND, ORGANIC - NUMBER OF OPERATIONS - WHERE ORGANIC STATUS: (NOP USDA CERTIFIED)",NATIONAL,US TOTAL,2011,"8,978",
AG LAND,OPERATIONS,ORGANIC STATUS,ORGANIC STATUS: (NOP USDA CERTIFIED),"AG LAND, ORGANIC - NUMBER OF OPERATIONS","AG LAND, ORGANIC - NUMBER OF OPERATIONS - WHERE ORGANIC STATUS: (NOP USDA CERTIFIED)",NATIONAL,US TOTAL,2014,"12,595",
AG LAND,OPERATIONS,ORGANIC STATUS,ORGANIC STATUS: (NOP USDA CERTIFIED),"AG LAND, ORGANIC - NUMBER OF OPERATIONS","AG LAND, ORGANIC - NUMBER OF OPERATIONS - WHERE ORGANIC STATUS: (NOP USDA CERTIFIED)",NATIONAL,US TOTAL,2015,"12,779",
AG LAND,OPERATIONS,ORGANIC STATUS,ORGANIC STATUS: (NOP USDA CERTIFIED),"AG LAND, ORGANIC - NUMBER OF OPERATIONS","AG LAND, ORGANIC - NUMBER OF OPERATIONS - WHERE ORGANIC STATUS: (NOP USDA CERTIFIED)",NATIONAL,US TOTAL,2016,"14,185",
AG LAND,OPERATIONS,ORGANIC STATUS,ORGANIC STATUS: (NOP USDA CERTIFIED),"AG LAND, ORGANIC - NUMBER OF OPERATIONS","AG LAND, ORGANIC - NUMBER OF OPERATIONS - WHERE ORGANIC STATUS: (NOP USDA CERTIFIED)",NATIONAL,US TOTAL,2019,"16,476",
